202400000000,郑敏,外语学院,C1012972,编译原理,4.0,2023-02,2024-11-17,58
202400000001,李鹏,外语学院,C1029285,编译原理,4.0,2024-02,2023-07-03,21
202400000002,赵敏,经济学院,C1031496,数据结构,2.0,2024-09,2024-11-08,16
202400000003,冯敏,经济学院,C1022939,数据库系统,3.0,2024-09,2022-12-26,20
202400000004,陈磊,物理学院,C1031138,操作系统,3.0,2022-09,2023-02-27,3
202400000005,郑涛,经济学院,C1023755,数据结构,3.0,2024-02,2024-01-21,50
202400000006,郑敏,物理学院,C1030719,算法设计,1.0,2023-09,2022-04-30,12
202400000007,陈华,计算机学院,C1009798,数据库系统,2.0,2023-09,2022-03-28,100
202400000008,赵涛,经济学院,C1020285,计算机网络,4.0,2024-09,2022-01-18,11
202400000009,孙涛,电子学院,C1028473,计算机网络,1.0,2024-09,2023-08-03,93
202400000010,钱敏,物理学院,C1026406,操作系统,4.0,2024-02,2023-04-03,65
202400000011,郑伟,数学学院,C1004100,操作系统,4.0,2024-09,2022-12-04,77
202400000012,冯磊,电子学院,C1028881,离散数学,2.0,2022-09,2023-04-02,87
202400000013,周敏,外语学院,C1012911,离散数学,2.0,2023-02,2023-09-14,55
202400000014,冯娜,计算机学院,C1008920,算法设计,1.0,2023-09,2024-11-26,98
202400000015,郑敏,外语学院,C1017331,编译原理,1.0,2023-09,2023-04-11,63
202400000016,李军,计算机学院,C1019535,计算机网络,4.0,2024-09,2024-04-28,26
202400000017,钱磊,电子学院,C1004167,离散数学,1.0,2022-09,2022-03-06,65
202400000018,周敏,经济学院,C1004346,算法设计,4.0,2024-09,2024-05-22,17
202400000019,孙涛,外语学院,C1026098,计算机网络,2.0,2023-09,2023-07-15,71
202400000020,陈敏,外语学院,C1023669,计算机网络,2.0,2024-02,2022-12-13,6
202400000021,孙强,计算机学院,C1016532,数据结构,4.0,2023-09,2022-05-09,84
202400000022,王磊,外语学院,C1025420,数据结构,1.0,2022-09,2024-11-08,75
202400000023,冯敏,计算机学院,C1029855,编译原理,4.0,2023-02,2022-08-01,67
202400000024,王芳,数学学院,C1012343,计算机网络,2.0,2023-02,2024-09-23,97
202400000025,孙芳,物理学院,C1003646,算法设计,2.0,2024-09,2022-03-21,64
202400000026,赵涛,计算机学院,C1004339,计算机网络,4.0,2022-09,2024-11-13,63
202400000027,吴军,经济学院,C1018067,人工智能,4.0,2023-09,2022-03-17,4
202400000028,孙伟,物理学院,C1002414,计算机网络,1.0,2022-09,2023-01-13,50
202400000029,赵军,计算机学院,C1004252,编译原理,4.0,2024-09,2022-12-01,88
202400000030,吴华,经济学院,C1005444,操作系统,2.0,2023-02,2024-04-20,7
202400000031,冯娜,计算机学院,C1026010,算法设计,4.0,2023-02,2022-09-27,34
202400000032,冯华,经济学院,C1016064,数据库系统,2.0,2023-09,2024-05-31,26
202400000033,孙军,外语学院,C1013586,离散数学,4.0,2022-09,2022-02-24,90
202400000034,孙涛,数学学院,C1016340,数据库系统,2.0,2023-09,2024-09-19,51
202400000035,陈涛,数学学院,C1016055,算法设计,1.0,2024-02,2022-04-21,66
202400000036,冯敏,电子学院,C1019664,数据结构,3.0,2024-09,2023-06-17,21
202400000037,钱强,经济学院,C1013548,人工智能,3.0,2024-02,2022-03-04,81
202400000038,吴涛,经济学院,C1008639,操作系统,4.0,2024-09,2022-01-06,46
202400000039,钱军,外语学院,C1025751,数据库系统,4.0,2022-09,2024-07-24,38
202400000040,陈涛,电子学院,C1017064,计算机网络,3.0,2024-02,2024-12-20,52
202400000041,郑芳,经济学院,C1021370,数据结构,1.0,2023-02,2023-11-26,38
202400000042,赵鹏,经济学院,C1025654,离散数学,1.0,2024-02,2023-03-29,56
202400000043,吴军,外语学院,C1024660,编译原理,2.0,2023-02,2022-05-11,84
202400000044,赵涛,物理学院,C1030053,算法设计,4.0,2024-02,2022-05-23,12
202400000045,周芳,经济学院,C1000110,数据库系统,3.0,2023-09,2024-06-22,95
202400000046,李娜,经济学院,C1005196,数据库系统,4.0,2023-02,2022-11-29,65
202400000047,王华,计算机学院,C1019564,编译原理,4.0,2024-09,2023-02-11,9
202400000048,陈军,外语学院,C1010019,数据结构,1.0,2024-09,2022-05-26,81
202400000049,陈娜,数学学院,C1014963,计算机网络,4.0,2022-09,2023-07-04,37
202400000050,郑强,物理学院,C1012291,编译原理,3.0,2024-02,2024-09-01,83
202400000051,李磊,物理学院,C1013826,人工智能,3.0,2023-09,2023-02-08,96
202400000052,赵强,外语学院,C1003368,操作系统,2.0,2022-09,2024-02-18,77
202400000053,吴强,数学学院,C1019984,算法设计,3.0,2022-09,2022-06-17,38
202400000054,郑华,计算机学院,C1000147,数据结构,1.0,2024-02,2024-04-18,34
202400000055,周涛,经济学院,C1000084,操作系统,4.0,2024-09,2022-05-25,60
202400000056,王敏,数学学院,C1024917,计算机网络,3.0,2023-09,2023-10-15,20
202400000057,陈伟,外语学院,C1019645,离散数学,1.0,2022-09,2024-10-12,2
202400000058,周娜,经济学院,C1003579,人工智能,3.0,2024-09,2022-10-24,26
202400000059,孙鹏,物理学院,C1018046,数据结构,3.0,2024-02,2024-10-06,72
202400000060,周芳,物理学院,C1027338,编译原理,2.0,2024-02,2022-07-08,14
202400000061,王芳,数学学院,C1022596,算法设计,2.0,2022-09,2023-07-21,68
202400000062,孙军,数学学院,C1014283,计算机网络,1.0,2023-02,2022-11-01,43
202400000063,孙伟,电子学院,C1030574,数据库系统,4.0,2023-09,2022-03-30,57
202400000064,王磊,计算机学院,C1010714,数据结构,4.0,2023-09,2022-03-13,98
202400000065,孙军,外语学院,C1007771,计算机网络,1.0,2024-09,2023-06-12,87
202400000066,赵涛,计算机学院,C1016177,操作系统,2.0,2023-02,2024-04-27,19
202400000067,陈军,计算机学院,C1010281,计算机网络,2.0,2023-02,2024-01-14,57
202400000068,冯鹏,物理学院,C1004911,算法设计,2.0,2024-02,2024-12-01,47
202400000069,王娜,外语学院,C1008320,离散数学,4.0,2023-02,2023-05-09,0
202400000070,郑娜,外语学院,C1020035,计算机网络,3.0,2023-09,2023-09-13,52
202400000071,王鹏,计算机学院,C1022590,计算机网络,4.0,2023-09,2022-04-18,0
202400000072,吴鹏,经济学院,C1001599,离散数学,1.0,2023-09,2022-05-22,50
202400000073,孙娜,外语学院,C1009238,算法设计,4.0,2022-09,2022-09-27,73
202400000074,李敏,计算机学院,C1018573,离散数学,4.0,2024-02,2024-09-04,89
202400000075,赵磊,经济学院,C1009352,数据库系统,1.0,2024-02,2023-01-06,52
202400000076,李强,数学学院,C1027376,算法设计,2.0,2024-02,2023-06-19,42
202400000077,冯涛,经济学院,C1026302,操作系统,2.0,2024-02,2022-05-10,89
202400000078,周芳,物理学院,C1028892,数据库系统,4.0,2024-02,2022-04-18,69
202400000079,孙磊,电子学院,C1009257,计算机网络,3.0,2024-09,2024-03-30,80
202400000080,赵伟,电子学院,C1008840,操作系统,3.0,2022-09,2022-09-06,48
202400000081,郑敏,外语学院,C1029432,计算机网络,1.0,2023-02,2023-02-10,91
202400000082,吴强,物理学院,C1012362,离散数学,2.0,2024-09,2022-05-10,81
202400000083,赵军,电子学院,C1027588,数据库系统,3.0,2022-09,2024-03-17,14
202400000084,吴芳,电子学院,C1014297,操作系统,2.0,2024-09,2024-02-25,82
202400000085,周鹏,电子学院,C1012540,操作系统,4.0,2022-09,2022-11-19,1
202400000086,吴鹏,物理学院,C1002698,离散数学,4.0,2022-09,2023-06-08,15
202400000087,郑鹏,电子学院,C1029435,操作系统,3.0,2024-09,2024-07-11,88
202400000088,王军,外语学院,C1031403,计算机网络,3.0,2024-09,2023-09-29,67
202400000089,冯敏,电子学院,C1004051,算法设计,3.0,2023-09,2023-02-14,11
202400000090,钱伟,数学学院,C1002935,操作系统,3.0,2022-09,2023-05-19,5
202400000091,陈芳,数学学院,C1022569,操作系统,3.0,2024-02,2024-05-18,67
202400000092,孙强,电子学院,C1029290,数据结构,4.0,2024-09,2023-05-09,72
202400000093,钱鹏,经济学院,C1025275,数据结构,4.0,2024-02,2022-12-06,21
202400000094,孙鹏,物理学院,C1014809,离散数学,4.0,2023-09,2022-05-07,10
202400000095,陈娜,数学学院,C1015970,数据库系统,4.0,2023-09,2024-04-20,63
202400000096,孙强,数学学院,C1021521,计算机网络,3.0,2024-09,2022-08-13,1
202400000097,郑涛,电子学院,C1020154,编译原理,4.0,2023-09,2024-09-29,85
202400000098,郑涛,经济学院,C1023415,算法设计,2.0,2022-09,2022-04-11,42
202400000099,王强,外语学院,C1016809,数据库系统,3.0,2023-02,2022-03-26,88
202400000100,李娜,物理学院,C1026455,人工智能,1.0,2022-09,2022-04-07,78
202400000101,郑敏,外语学院,C1025729,算法设计,2.0,2024-02,2024-04-24,69
202400000102,陈娜,经济学院,C1005732,编译原理,4.0,2022-09,2022-06-28,7
202400000103,李磊,电子学院,C1015730,操作系统,2.0,2024-02,2024-01-27,0
202400000104,吴娜,电子学院,C1001818,数据结构,4.0,2024-02,2023-04-26,79
202400000105,孙军,数学学院,C1017028,数据结构,3.0,2023-02,2023-04-27,14
202400000106,吴鹏,外语学院,C1015235,计算机网络,4.0,2022-09,2024-06-27,92
202400000107,郑娜,物理学院,C1024921,算法设计,1.0,2023-02,2024-04-07,40
202400000108,王军,电子学院,C1010506,数据结构,2.0,2023-09,2024-12-01,86
202400000109,钱芳,物理学院,C1023385,操作系统,3.0,2023-02,2023-07-29,8
202400000110,李伟,外语学院,C1018013,算法设计,4.0,2022-09,2024-04-22,12
202400000111,周芳,经济学院,C1020513,算法设计,3.0,2022-09,2024-02-19,59
202400000112,冯华,物理学院,C1006296,算法设计,4.0,2023-09,2024-09-22,90
202400000113,王鹏,电子学院,C1015439,离散数学,4.0,2024-02,2024-10-28,67
202400000114,吴敏,电子学院,C1024102,数据结构,1.0,2023-02,2024-07-29,40
202400000115,周强,物理学院,C1017649,离散数学,1.0,2023-02,2024-01-23,38
202400000116,吴强,经济学院,C1020766,计算机网络,1.0,2023-09,2023-09-16,95
202400000117,钱华,电子学院,C1028751,编译原理,1.0,2023-09,2024-06-21,77
202400000118,周军,外语学院,C1025610,编译原理,1.0,2023-09,2023-04-06,21
202400000119,孙磊,数学学院,C1031435,算法设计,3.0,2024-09,2023-10-14,40
202400000120,冯芳,数学学院,C1009040,计算机网络,1.0,2023-09,2023-02-25,4
202400000121,郑涛,计算机学院,C1023288,数据库系统,1.0,2023-02,2022-05-19,43
202400000122,周娜,物理学院,C1023230,操作系统,2.0,2022-09,2024-11-25,89
202400000123,郑芳,计算机学院,C1021070,数据结构,4.0,2023-09,2022-11-16,24
202400000124,郑华,计算机学院,C1004580,数据库系统,4.0,2024-09,2023-04-27,14
202400000125,孙娜,外语学院,C1010231,计算机网络,3.0,2024-02,2023-01-11,55
202400000126,冯强,物理学院,C1013124,计算机网络,4.0,2022-09,2022-09-01,63
202400000127,王强,计算机学院,C1029101,编译原理,1.0,2022-09,2022-11-04,63
202400000128,冯军,经济学院,C1004479,算法设计,2.0,2024-02,2023-08-09,73
202400000129,孙华,物理学院,C1010918,计算机网络,1.0,2022-09,2022-01-30,95
202400000130,王娜,物理学院,C1019199,计算机网络,2.0,2022-09,2024-01-03,14
202400000131,冯鹏,经济学院,C1023281,操作系统,2.0,2023-09,2023-02-09,13
202400000132,王涛,电子学院,C1006112,编译原理,2.0,2023-02,2023-07-31,72
202400000133,郑芳,外语学院,C1018918,人工智能,4.0,2022-09,2024-04-15,60
202400000134,周军,经济学院,C1009977,算法设计,3.0,2023-02,2022-11-25,16
202400000135,吴强,物理学院,C1013420,人工智能,3.0,2022-09,2022-03-24,32
202400000136,赵磊,经济学院,C1009809,人工智能,2.0,2022-09,2022-08-04,56
202400000137,吴军,数学学院,C1021566,计算机网络,2.0,2024-09,2024-10-16,95
202400000138,冯娜,外语学院,C1014449,人工智能,3.0,2024-09,2022-03-12,15
202400000139,周涛,经济学院,C1016254,离散数学,2.0,2023-02,2024-11-02,7
202400000140,李伟,物理学院,C1015179,离散数学,4.0,2024-02,2024-10-03,29
202400000141,李芳,数学学院,C1022581,数据库系统,3.0,2022-09,2024-04-09,86
202400000142,王磊,经济学院,C1013993,人工智能,1.0,2024-09,2024-10-31,12
202400000143,吴敏,外语学院,C1014733,数据库系统,2.0,2024-09,2024-07-31,55
202400000144,郑涛,电子学院,C1022377,计算机网络,3.0,2023-09,2022-08-10,21
202400000145,郑强,计算机学院,C1023790,操作系统,4.0,2024-09,2022-04-05,78
202400000146,赵华,计算机学院,C1023023,计算机网络,4.0,2022-09,2022-06-07,94
202400000147,冯鹏,外语学院,C1009024,编译原理,3.0,2023-02,2022-04-29,63
202400000148,孙伟,外语学院,C1000400,编译原理,4.0,2023-09,2022-10-07,90
202400000149,王涛,电子学院,C1005891,操作系统,2.0,2023-02,2024-01-02,86
202400000150,郑娜,物理学院,C1001002,计算机网络,1.0,2024-09,2024-10-11,11
202400000151,钱敏,电子学院,C1010749,计算机网络,1.0,2022-09,2023-04-12,56
202400000152,周伟,数学学院,C1030302,数据库系统,1.0,2024-09,2024-08-14,82
202400000153,冯磊,数学学院,C1030117,人工智能,2.0,2023-09,2024-05-23,21
202400000154,王强,计算机学院,C1008488,数据结构,2.0,2023-09,2023-04-20,25
202400000155,吴敏,电子学院,C1012194,编译原理,3.0,2023-02,2023-08-30,40
202400000156,周伟,数学学院,C1028369,编译原理,1.0,2024-02,2023-08-25,26
202400000157,钱强,物理学院,C1009202,操作系统,2.0,2023-02,2024-08-26,11
202400000158,王强,外语学院,C1020454,操作系统,4.0,2024-09,2022-02-11,47
202400000159,周敏,物理学院,C1011400,数据结构,1.0,2024-09,2023-08-08,91
202400000160,周芳,物理学院,C1010810,算法设计,1.0,2024-02,2023-12-30,12
202400000161,郑涛,电子学院,C1023190,离散数学,3.0,2022-09,2022-11-10,85
202400000162,吴军,计算机学院,C1006176,编译原理,1.0,2023-09,2024-12-05,76
202400000163,冯磊,物理学院,C1026550,算法设计,4.0,2024-09,2023-07-25,0
202400000164,赵华,外语学院,C1010082,计算机网络,4.0,2023-09,2024-09-12,67
202400000165,冯芳,经济学院,C1007591,计算机网络,3.0,2023-02,2022-01-22,84
202400000166,李敏,计算机学院,C1016602,编译原理,2.0,2023-02,2024-04-25,50
202400000167,孙鹏,经济学院,C1016739,数据库系统,1.0,2024-09,2024-01-10,66
202400000168,李芳,数学学院,C1014587,操作系统,3.0,2022-09,2023-10-10,40
202400000169,钱磊,外语学院,C1017083,数据库系统,4.0,2024-02,2023-08-12,85
202400000170,王芳,数学学院,C1003758,算法设计,3.0,2022-09,2023-06-03,38
202400000171,陈鹏,物理学院,C1002993,算法设计,4.0,2024-02,2024-05-28,28
202400000172,郑军,计算机学院,C1024906,计算机网络,3.0,2024-02,2024-05-17,99
202400000173,赵敏,物理学院,C1023372,离散数学,2.0,2023-09,2023-04-04,75
202400000174,赵鹏,物理学院,C1030615,计算机网络,3.0,2023-02,2022-05-09,34
202400000175,钱军,外语学院,C1011685,数据结构,2.0,2024-02,2022-02-04,27
202400000176,赵军,经济学院,C1008468,计算机网络,1.0,2024-02,2024-11-14,20
202400000177,冯伟,外语学院,C1024398,离散数学,2.0,2024-02,2023-04-15,15
202400000178,吴鹏,经济学院,C1006141,数据库系统,2.0,2024-02,2022-02-11,79
202400000179,李强,数学学院,C1003178,计算机网络,4.0,2024-09,2022-08-15,15
202400000180,吴伟,经济学院,C1009671,计算机网络,1.0,2022-09,2024-10-09,24
202400000181,孙军,电子学院,C1013327,编译原理,4.0,2024-02,2022-06-01,39
202400000182,吴芳,数学学院,C1029955,人工智能,4.0,2024-02,2024-04-19,38
202400000183,王磊,数学学院,C1030408,算法设计,1.0,2022-09,2024-07-16,56
202400000184,周军,电子学院,C1000747,编译原理,3.0,2023-09,2022-03-15,95
202400000185,李磊,物理学院,C1027472,算法设计,3.0,2024-02,2023-12-05,37
202400000186,李芳,经济学院,C1022542,算法设计,4.0,2023-09,2023-08-12,9
202400000187,赵涛,经济学院,C1003808,数据结构,2.0,2023-02,2022-05-10,55
202400000188,吴鹏,物理学院,C1025289,人工智能,3.0,2024-09,2023-12-02,40
202400000189,王伟,外语学院,C1022178,离散数学,3.0,2024-09,2023-06-25,81
202400000190,吴涛,物理学院,C1020375,人工智能,2.0,2024-02,2024-10-07,80
202400000191,孙芳,经济学院,C1028203,算法设计,2.0,2023-09,2024-08-27,60
202400000192,王强,外语学院,C1023131,数据库系统,1.0,2024-09,2024-08-01,26
202400000193,周军,经济学院,C1019204,编译原理,2.0,2022-09,2023-10-28,4
202400000194,周强,数学学院,C1008498,算法设计,1.0,2023-02,2023-07-19,58
202400000195,李敏,电子学院,C1032691,数据库系统,2.0,2023-02,2023-10-17,7
202400000196,李伟,物理学院,C1019572,算法设计,4.0,2024-09,2024-09-19,80
202400000197,李娜,物理学院,C1012475,数据库系统,2.0,2024-09,2024-07-14,41
202400000198,陈芳,物理学院,C1014560,计算机网络,4.0,2023-09,2024-01-17,29
202400000199,钱敏,数学学院,C1019600,数据结构,1.0,2024-02,2022-03-04,14
202400000200,冯军,计算机学院,C1002097,数据结构,1.0,2024-02,2022-10-01,88
202400000201,赵涛,物理学院,C1015219,数据库系统,2.0,2024-09,2024-10-04,98
202400000202,赵军,电子学院,C1024978,编译原理,1.0,2022-09,2022-04-11,84
202400000203,钱华,电子学院,C1013991,数据库系统,3.0,2024-02,2024-06-07,79
202400000204,吴伟,数学学院,C1003745,操作系统,3.0,2022-09,2023-09-29,64
202400000205,郑伟,外语学院,C1026260,算法设计,3.0,2023-02,2023-02-01,89
202400000206,郑涛,经济学院,C1021248,人工智能,2.0,2023-02,2023-11-24,57
202400000207,郑娜,经济学院,C1023968,计算机网络,1.0,2023-02,2022-08-26,15
202400000208,钱敏,经济学院,C1011185,编译原理,4.0,2023-02,2022-10-26,31
202400000209,陈强,经济学院,C1004583,数据库系统,2.0,2024-09,2024-05-08,16
202400000210,孙伟,经济学院,C1024745,编译原理,4.0,2024-09,2023-07-16,44
202400000211,陈鹏,物理学院,C1010791,数据结构,4.0,2022-09,2023-06-15,10
202400000212,吴伟,外语学院,C1020059,数据结构,3.0,2023-02,2024-12-07,88
202400000213,孙军,电子学院,C1023147,数据结构,3.0,2022-09,2022-11-07,84
202400000214,周军,经济学院,C1022060,操作系统,2.0,2023-02,2024-10-07,10
202400000215,李强,数学学院,C1015205,操作系统,4.0,2024-02,2024-06-09,71
202400000216,吴涛,电子学院,C1019472,离散数学,4.0,2023-02,2022-04-11,9
202400000217,赵华,计算机学院,C1002930,算法设计,4.0,2022-09,2024-06-19,8
202400000218,冯华,计算机学院,C1019655,离散数学,4.0,2023-09,2022-07-18,84
202400000219,赵伟,经济学院,C1012990,计算机网络,3.0,2024-02,2022-05-03,80
202400000220,吴鹏,外语学院,C1031588,数据结构,3.0,2024-09,2024-01-05,55
202400000221,王芳,计算机学院,C1017409,计算机网络,2.0,2023-09,2022-07-30,89
202400000222,王华,数学学院,C1001581,数据结构,4.0,2024-09,2022-08-03,57
202400000223,王强,数学学院,C1006605,计算机网络,2.0,2024-02,2024-10-14,77
202400000224,周芳,经济学院,C1020985,数据结构,1.0,2022-09,2024-12-21,100
202400000225,吴涛,电子学院,C1011367,算法设计,4.0,2023-09,2024-04-15,58
202400000226,周伟,计算机学院,C1006286,离散数学,4.0,2022-09,2022-04-19,7
202400000227,赵涛,电子学院,C1024221,编译原理,2.0,2023-09,2022-05-28,76
202400000228,赵敏,物理学院,C1029103,算法设计,4.0,2024-09,2024-11-19,32
202400000229,王华,电子学院,C1022556,数据结构,2.0,2024-02,2022-09-15,38
202400000230,赵鹏,物理学院,C1030690,计算机网络,4.0,2023-09,2023-06-04,19
202400000231,钱磊,物理学院,C1008747,算法设计,4.0,2023-09,2024-09-01,10
202400000232,赵鹏,外语学院,C1020747,数据库系统,2.0,2023-09,2022-02-15,73
202400000233,钱华,经济学院,C1012254,计算机网络,4.0,2023-09,2022-04-30,100
202400000234,赵军,计算机学院,C1010358,数据结构,1.0,2022-09,2022-06-06,68
202400000235,冯涛,电子学院,C1021786,编译原理,3.0,2023-02,2023-11-05,50
202400000236,陈涛,电子学院,C1027366,数据库系统,4.0,2024-09,2024-09-02,35
202400000237,周伟,物理学院,C1000007,算法设计,3.0,2022-09,2023-12-16,45
202400000238,吴敏,电子学院,C1009914,数据库系统,2.0,2022-09,2024-07-27,97
202400000239,吴磊,电子学院,C1024247,操作系统,1.0,2024-02,2022-05-03,22
202400000240,钱磊,外语学院,C1008536,计算机网络,3.0,2022-09,2024-12-14,25
202400000241,钱娜,计算机学院,C1001842,数据库系统,3.0,2022-09,2024-05-24,70
202400000242,钱磊,数学学院,C1020555,离散数学,2.0,2024-02,2023-09-25,78
202400000243,周磊,物理学院,C1018990,人工智能,3.0,2023-02,2023-01-02,34
202400000244,钱娜,物理学院,C1016356,离散数学,3.0,2024-09,2023-01-04,21
202400000245,赵军,经济学院,C1008463,算法设计,2.0,2023-09,2022-08-29,70
202400000246,吴涛,经济学院,C1023101,数据库系统,3.0,2023-02,2023-12-25,88
202400000247,周强,计算机学院,C1013835,计算机网络,4.0,2023-09,2024-02-08,50
202400000248,周强,数学学院,C1018661,计算机网络,3.0,2022-09,2022-07-31,16
202400000249,陈涛,物理学院,C1027012,离散数学,4.0,2024-02,2024-05-03,23
202400000250,郑强,数学学院,C1008363,离散数学,2.0,2024-09,2024-01-14,48
202400000251,吴伟,经济学院,C1000500,计算机网络,1.0,2024-02,2022-08-01,30
202400000252,李伟,物理学院,C1031289,操作系统,4.0,2024-02,2024-10-10,75
202400000253,李磊,计算机学院,C1029702,数据库系统,4.0,2023-02,2022-03-21,76
202400000254,冯磊,物理学院,C1023426,人工智能,3.0,2024-02,2022-04-23,58
202400000255,陈芳,外语学院,C1030374,操作系统,3.0,2023-09,2022-03-12,74
202400000256,孙军,电子学院,C1013614,数据库系统,2.0,2023-09,2022-06-19,66
202400000257,孙强,数学学院,C1029495,数据库系统,2.0,2023-02,2022-03-06,79
202400000258,陈伟,经济学院,C1001163,人工智能,3.0,2024-02,2022-05-11,60
202400000259,周敏,数学学院,C1025647,编译原理,2.0,2024-09,2022-10-01,36
202400000260,钱敏,外语学院,C1013739,操作系统,3.0,2023-02,2022-01-03,25
202400000261,冯鹏,计算机学院,C1027842,数据结构,2.0,2024-09,2024-04-27,13
202400000262,吴强,数学学院,C1031416,编译原理,3.0,2024-02,2023-07-31,47
202400000263,冯芳,外语学院,C1029291,离散数学,4.0,2023-02,2023-12-28,23
202400000264,吴涛,计算机学院,C1017569,数据库系统,1.0,2023-02,2023-01-30,36
202400000265,孙芳,计算机学院,C1021876,离散数学,4.0,2024-02,2023-09-17,54
202400000266,周涛,数学学院,C1011953,算法设计,2.0,2023-09,2022-07-26,64
202400000267,李芳,计算机学院,C1008130,操作系统,4.0,2024-02,2024-07-13,78
202400000268,孙伟,经济学院,C1020914,数据结构,3.0,2024-09,2024-09-28,99
202400000269,郑鹏,数学学院,C1012700,编译原理,1.0,2024-02,2022-12-31,85
202400000270,钱军,计算机学院,C1025759,操作系统,3.0,2023-09,2023-05-17,23
202400000271,赵强,经济学院,C1010785,人工智能,4.0,2023-09,2022-03-02,63
202400000272,王娜,计算机学院,C1008224,计算机网络,3.0,2022-09,2022-02-01,65
202400000273,陈磊,计算机学院,C1005541,数据结构,1.0,2023-02,2022-02-07,6
202400000274,孙鹏,经济学院,C1022329,操作系统,4.0,2022-09,2023-04-21,22
202400000275,王芳,物理学院,C1024119,编译原理,1.0,2023-09,2022-10-03,30
202400000276,郑磊,外语学院,C1029433,操作系统,3.0,2024-02,2024-05-08,43
202400000277,钱敏,外语学院,C1008947,离散数学,2.0,2023-09,2024-11-15,97
202400000278,钱华,计算机学院,C1018446,编译原理,3.0,2023-09,2022-06-29,69
202400000279,冯磊,计算机学院,C1002291,编译原理,2.0,2023-09,2024-10-19,54
202400000280,郑涛,经济学院,C1025730,编译原理,4.0,2024-09,2023-07-26,54
202400000281,孙鹏,计算机学院,C1023804,编译原理,4.0,2024-09,2023-03-17,23
202400000282,王华,数学学院,C1018707,人工智能,1.0,2023-09,2022-06-03,51
202400000283,陈娜,外语学院,C1001851,数据结构,3.0,2023-09,2024-11-18,33
202400000284,冯娜,计算机学院,C1021730,操作系统,2.0,2023-09,2022-08-31,40
202400000285,王华,经济学院,C1029353,计算机网络,1.0,2024-09,2024-10-27,5
202400000286,陈涛,计算机学院,C1019309,计算机网络,3.0,2022-09,2022-06-03,72
202400000287,陈强,经济学院,C1012271,操作系统,4.0,2023-02,2022-09-23,16
202400000288,孙娜,计算机学院,C1007184,人工智能,2.0,2024-02,2024-01-07,39
202400000289,李磊,数学学院,C1022508,数据库系统,3.0,2023-09,2024-08-28,80
202400000290,李鹏,外语学院,C1016257,数据结构,1.0,2023-09,2024-12-06,69
202400000291,周强,电子学院,C1005151,数据结构,1.0,2024-02,2022-12-03,33
202400000292,赵鹏,外语学院,C1027392,算法设计,1.0,2022-09,2022-09-03,9
202400000293,冯华,计算机学院,C1019363,算法设计,3.0,2024-09,2024-04-10,23
202400000294,吴华,电子学院,C1021050,计算机网络,1.0,2024-02,2022-08-19,40
202400000295,孙磊,计算机学院,C1020873,操作系统,2.0,2024-02,2023-11-29,74
202400000296,郑强,数学学院,C1002059,数据结构,3.0,2023-02,2023-01-07,36
202400000297,钱涛,数学学院,C1009645,算法设计,1.0,2023-09,2024-07-18,98
202400000298,李芳,物理学院,C1005019,数据库系统,2.0,2023-09,2024-02-18,6
202400000299,李芳,电子学院,C1029527,数据结构,2.0,2022-09,2024-06-05,71
202400000300,王芳,外语学院,C1021149,操作系统,3.0,2024-02,2022-06-24,46
202400000301,郑涛,电子学院,C1002379,离散数学,2.0,2024-09,2023-11-08,6
202400000302,李华,经济学院,C1004743,操作系统,4.0,2023-09,2022-01-30,3
202400000303,陈华,外语学院,C1007447,离散数学,4.0,2023-09,2023-12-31,59
202400000304,钱鹏,外语学院,C1014882,编译原理,3.0,2022-09,2023-03-21,93
202400000305,吴军,经济学院,C1022458,操作系统,1.0,2022-09,2023-05-13,53
202400000306,王涛,外语学院,C1014797,数据库系统,2.0,2023-09,2022-08-10,12
202400000307,陈娜,计算机学院,C1031740,数据库系统,3.0,2023-09,2022-04-07,91
202400000308,吴鹏,数学学院,C1005171,数据库系统,2.0,2023-02,2022-11-11,19
202400000309,李强,经济学院,C1032527,计算机网络,2.0,2023-02,2022-11-04,96
202400000310,冯敏,计算机学院,C1031352,编译原理,1.0,2022-09,2023-01-08,35
202400000311,郑军,外语学院,C1014932,算法设计,3.0,2023-02,2022-10-24,23
202400000312,周强,经济学院,C1032254,操作系统,4.0,2024-02,2024-05-22,40
202400000313,李军,外语学院,C1000340,人工智能,3.0,2023-09,2024-06-08,49
202400000314,李鹏,电子学院,C1003926,计算机网络,3.0,2024-09,2022-10-16,100
202400000315,吴鹏,数学学院,C1029003,算法设计,3.0,2023-02,2022-08-18,64
202400000316,吴芳,经济学院,C1013557,操作系统,2.0,2024-09,2024-11-22,37
202400000317,钱鹏,数学学院,C1020450,离散数学,4.0,2022-09,2023-11-07,59
202400000318,王鹏,计算机学院,C1026055,数据库系统,4.0,2022-09,2022-10-31,27
202400000319,冯强,电子学院,C1021728,数据库系统,1.0,2024-02,2024-10-01,97
202400000320,周强,电子学院,C1004793,离散数学,3.0,2022-09,2024-11-29,35
202400000321,周军,计算机学院,C1022270,编译原理,1.0,2023-09,2023-11-02,31
202400000322,孙军,数学学院,C1030664,离散数学,4.0,2024-09,2024-12-09,19
202400000323,郑鹏,外语学院,C1005669,数据结构,2.0,2024-09,2024-04-18,59
202400000324,周磊,电子学院,C1006214,编译原理,3.0,2023-09,2023-07-08,55
202400000325,孙涛,物理学院,C1021944,算法设计,1.0,2023-02,2022-09-29,47
202400000326,周军,外语学院,C1009025,数据库系统,2.0,2023-02,2023-02-26,62
202400000327,吴敏,计算机学院,C1014268,数据库系统,3.0,2023-09,2023-06-05,36
202400000328,钱鹏,数学学院,C1013408,操作系统,2.0,2023-02,2024-03-04,28
202400000329,吴华,外语学院,C1024065,离散数学,1.0,2024-02,2023-08-08,90
202400000330,周伟,计算机学院,C1019085,算法设计,3.0,2023-02,2024-01-03,62
202400000331,冯强,物理学院,C1020624,操作系统,1.0,2023-09,2024-01-16,39
202400000332,赵鹏,计算机学院,C1012606,人工智能,4.0,2024-02,2022-12-29,92
202400000333,李敏,外语学院,C1006412,算法设计,1.0,2024-09,2024-09-22,1
202400000334,赵磊,电子学院,C1019016,操作系统,2.0,2023-09,2022-03-16,83
202400000335,吴伟,电子学院,C1030928,离散数学,4.0,2023-09,2024-03-22,25
202400000336,钱敏,外语学院,C1030070,计算机网络,3.0,2024-02,2022-08-21,9
202400000337,钱涛,数学学院,C1011240,数据结构,3.0,2023-09,2022-02-18,81
202400000338,李敏,电子学院,C1004190,编译原理,3.0,2023-02,2024-01-25,12
202400000339,陈涛,外语学院,C1023859,计算机网络,3.0,2023-09,2022-11-17,75
202400000340,钱娜,物理学院,C1001066,数据结构,4.0,2022-09,2024-12-07,55
202400000341,周娜,经济学院,C1022619,编译原理,3.0,2023-02,2024-03-02,16
202400000342,赵强,物理学院,C1024658,算法设计,2.0,2024-02,2023-11-28,92
202400000343,王军,计算机学院,C1013415,离散数学,2.0,2024-02,2024-06-29,91
202400000344,冯军,经济学院,C1026739,人工智能,2.0,2024-02,2024-09-28,41
202400000345,钱敏,物理学院,C1013827,操作系统,2.0,2024-09,2022-12-25,39
202400000346,陈军,数学学院,C1004300,编译原理,2.0,2023-09,2024-01-28,90
202400000347,周伟,计算机学院,C1004827,离散数学,4.0,2024-09,2022-02-16,11
202400000348,李鹏,经济学院,C1030731,数据结构,3.0,2023-02,2022-02-25,78
202400000349,王军,数学学院,C1008105,计算机网络,1.0,2024-09,2022-11-06,93
202400000350,赵涛,计算机学院,C1020071,操作系统,1.0,2022-09,2024-08-14,20
202400000351,吴敏,物理学院,C1022704,人工智能,1.0,2024-02,2024-02-01,55
202400000352,钱涛,计算机学院,C1006463,人工智能,1.0,2024-02,2023-12-19,40
202400000353,王敏,数学学院,C1012517,离散数学,4.0,2023-09,2024-04-03,74
202400000354,冯伟,计算机学院,C1012217,计算机网络,2.0,2023-09,2023-12-13,14
202400000355,钱鹏,计算机学院,C1013818,编译原理,3.0,2024-09,2024-08-27,89
202400000356,孙强,外语学院,C1030740,数据库系统,4.0,2023-09,2022-04-24,97
202400000357,周娜,数学学院,C1028665,数据结构,3.0,2022-09,2024-11-14,66
202400000358,赵伟,物理学院,C1009892,离散数学,1.0,2023-09,2023-11-25,46
202400000359,钱涛,数学学院,C1000317,数据库系统,2.0,2023-02,2024-02-15,91
202400000360,陈涛,计算机学院,C1022201,离散数学,1.0,2024-02,2023-10-26,99
202400000361,赵鹏,外语学院,C1032744,操作系统,1.0,2024-09,2023-01-14,17
202400000362,钱娜,数学学院,C1006878,人工智能,2.0,2022-09,2023-11-12,58
202400000363,陈伟,电子学院,C1023589,算法设计,1.0,2022-09,2022-11-18,95
202400000364,郑磊,经济学院,C1025903,离散数学,3.0,2024-09,2022-11-16,13
202400000365,钱芳,经济学院,C1030423,数据库系统,3.0,2023-09,2024-05-02,21
202400000366,周伟,物理学院,C1014780,数据库系统,1.0,2023-09,2024-07-19,20
202400000367,吴磊,经济学院,C1025221,数据库系统,4.0,2024-02,2022-01-18,72
202400000368,周涛,物理学院,C1019508,计算机网络,3.0,2023-09,2022-08-21,30
202400000369,冯敏,经济学院,C1013478,算法设计,2.0,2024-09,2024-04-08,54
202400000370,王涛,计算机学院,C1018245,离散数学,4.0,2024-02,2022-08-28,6
202400000371,陈敏,经济学院,C1024468,计算机网络,2.0,2023-02,2024-11-27,91
202400000372,郑磊,物理学院,C1022390,人工智能,2.0,2023-02,2022-11-11,31
202400000373,孙磊,计算机学院,C1021968,数据结构,4.0,2024-02,2023-12-31,75
202400000374,李芳,外语学院,C1031860,数据库系统,2.0,2024-02,2023-05-04,98
202400000375,赵伟,计算机学院,C1017764,算法设计,2.0,2024-09,2022-07-11,14
202400000376,钱娜,电子学院,C1027383,数据库系统,2.0,2024-09,2023-10-21,47
202400000377,吴华,数学学院,C1007808,数据结构,4.0,2022-09,2022-06-15,57
202400000378,李华,外语学院,C1016077,人工智能,3.0,2024-02,2023-04-23,22
202400000379,赵芳,经济学院,C1025252,数据结构,2.0,2022-09,2022-10-21,22
202400000380,李芳,数学学院,C1012220,数据结构,1.0,2024-09,2023-09-08,66
202400000381,郑鹏,计算机学院,C1031222,计算机网络,2.0,2023-09,2023-10-08,72
202400000382,陈军,计算机学院,C1015653,算法设计,4.0,2024-02,2024-08-03,40
202400000383,赵军,数学学院,C1004760,计算机网络,2.0,2022-09,2024-07-09,55
202400000384,冯鹏,物理学院,C1009147,算法设计,2.0,2022-09,2022-09-16,54
202400000385,吴娜,经济学院,C1027162,计算机网络,1.0,2022-09,2023-02-15,72
202400000386,吴伟,计算机学院,C1015787,计算机网络,4.0,2024-09,2022-10-22,45
202400000387,孙华,外语学院,C1025430,编译原理,3.0,2022-09,2024-11-08,30
202400000388,李强,经济学院,C1030979,离散数学,4.0,2023-09,2024-11-05,92
202400000389,郑鹏,外语学院,C1000862,数据结构,1.0,2023-02,2022-09-10,66
202400000390,王华,数学学院,C1010556,人工智能,3.0,2023-02,2022-12-30,19
202400000391,周鹏,电子学院,C1028227,算法设计,2.0,2023-02,2023-02-25,84
202400000392,陈伟,物理学院,C1028718,操作系统,1.0,2023-02,2022-07-07,0
202400000393,冯涛,电子学院,C1020698,操作系统,4.0,2024-02,2023-05-23,79
202400000394,钱芳,物理学院,C1008166,数据库系统,3.0,2023-09,2022-11-29,37
202400000395,王华,数学学院,C1024271,操作系统,3.0,2023-02,2022-04-08,19
202400000396,吴涛,计算机学院,C1006662,计算机网络,2.0,2023-02,2023-01-17,53
202400000397,陈芳,物理学院,C1015524,数据库系统,4.0,2024-09,2024-05-17,84
202400000398,赵磊,物理学院,C1008891,编译原理,1.0,2023-09,2024-09-09,55
202400000399,吴娜,电子学院,C1025454,编译原理,4.0,2024-09,2024-04-28,62
202400000400,周磊,数学学院,C1011380,算法设计,4.0,2023-09,2022-12-16,84
202400000401,冯涛,外语学院,C1022638,算法设计,3.0,2024-02,2024-05-16,95
202400000402,王强,计算机学院,C1007896,操作系统,1.0,2023-09,2023-11-18,50
202400000403,王军,经济学院,C1001240,操作系统,1.0,2024-02,2024-05-22,16
202400000404,李娜,外语学院,C1022191,编译原理,3.0,2024-02,2023-01-14,92
202400000405,王娜,计算机学院,C1008804,计算机网络,2.0,2024-09,2023-10-10,1
202400000406,吴军,数学学院,C1026039,操作系统,1.0,2023-02,2024-12-17,21
202400000407,吴敏,外语学院,C1008066,编译原理,1.0,2023-02,2023-04-06,1
202400000408,吴敏,数学学院,C1016547,操作系统,1.0,2023-09,2022-08-11,19
202400000409,孙鹏,电子学院,C1008773,操作系统,2.0,2024-09,2024-11-19,93
202400000410,郑鹏,数学学院,C1024242,编译原理,2.0,2024-02,2024-01-19,12
202400000411,郑鹏,数学学院,C1031581,数据结构,4.0,2024-02,2022-06-18,4
202400000412,周华,数学学院,C1008607,人工智能,1.0,2024-09,2023-10-17,51
202400000413,郑鹏,电子学院,C1031425,数据结构,1.0,2023-02,2024-04-06,3
202400000414,郑涛,外语学院,C1032217,算法设计,3.0,2023-09,2023-06-02,77
202400000415,王芳,外语学院,C1015823,离散数学,3.0,2023-09,2022-11-07,43
202400000416,冯华,外语学院,C1006724,数据结构,4.0,2023-09,2022-10-14,34
202400000417,吴伟,电子学院,C1019219,编译原理,4.0,2023-09,2024-03-17,17
202400000418,孙强,经济学院,C1019447,编译原理,2.0,2024-02,2024-09-07,77
202400000419,钱华,物理学院,C1012784,计算机网络,2.0,2023-09,2024-10-08,63
202400000420,赵磊,外语学院,C1015788,数据结构,4.0,2022-09,2024-01-11,30
202400000421,陈鹏,经济学院,C1031968,数据库系统,1.0,2023-09,2024-12-01,12
202400000422,李敏,电子学院,C1003040,操作系统,1.0,2023-09,2024-02-08,19
202400000423,周涛,数学学院,C1008967,数据库系统,1.0,2024-09,2022-10-22,58
202400000424,赵鹏,外语学院,C1030167,数据结构,4.0,2022-09,2022-09-02,77
202400000425,郑娜,计算机学院,C1023120,操作系统,3.0,2022-09,2024-02-26,42
202400000426,赵强,数学学院,C1018685,计算机网络,2.0,2023-09,2024-11-23,18
202400000427,孙芳,电子学院,C1017734,操作系统,1.0,2023-09,2023-08-11,44
202400000428,郑娜,计算机学院,C1012124,计算机网络,4.0,2023-09,2022-05-11,45
202400000429,陈强,外语学院,C1002155,编译原理,3.0,2024-02,2024-07-05,21
202400000430,周磊,经济学院,C1023323,操作系统,1.0,2023-02,2023-01-12,8
202400000431,孙强,计算机学院,C1026818,算法设计,4.0,2024-02,2024-10-23,78
202400000432,冯娜,计算机学院,C1030798,操作系统,1.0,2022-09,2023-11-28,69
202400000433,陈磊,数学学院,C1016823,操作系统,2.0,2022-09,2024-11-29,94
202400000434,郑军,数学学院,C1011122,数据库系统,2.0,2023-02,2023-04-02,91
202400000435,陈伟,数学学院,C1029366,操作系统,2.0,2024-02,2023-08-09,75
202400000436,吴军,数学学院,C1032364,人工智能,3.0,2024-09,2022-01-16,90
202400000437,孙敏,数学学院,C1027920,编译原理,4.0,2022-09,2023-08-25,76
202400000438,吴涛,电子学院,C1018162,编译原理,2.0,2024-09,2024-06-05,41
202400000439,赵强,电子学院,C1022778,操作系统,2.0,2022-09,2022-02-01,26
202400000440,王伟,经济学院,C1006286,离散数学,2.0,2024-09,2023-04-30,7
202400000441,吴军,外语学院,C1027849,编译原理,4.0,2023-09,2023-09-10,5
202400000442,赵伟,经济学院,C1002514,计算机网络,2.0,2023-09,2022-05-16,67
202400000443,郑华,计算机学院,C1007103,人工智能,4.0,2023-09,2022-09-26,64
202400000444,孙磊,经济学院,C1018254,算法设计,2.0,2024-02,2023-10-01,22
202400000445,李华,电子学院,C1016898,算法设计,2.0,2023-09,2024-09-08,34
202400000446,王军,电子学院,C1028764,计算机网络,3.0,2024-02,2022-06-10,25
202400000447,吴军,物理学院,C1031118,人工智能,4.0,2022-09,2024-09-30,42
202400000448,孙伟,计算机学院,C1022772,数据库系统,2.0,2022-09,2023-10-16,52
202400000449,王敏,外语学院,C1024649,计算机网络,4.0,2024-09,2022-05-15,56
202400000450,钱磊,物理学院,C1022772,算法设计,4.0,2023-02,2024-05-13,95
202400000451,王鹏,外语学院,C1022913,数据库系统,4.0,2024-09,2024-03-21,10
202400000452,陈芳,计算机学院,C1007332,离散数学,3.0,2023-02,2022-10-11,11
202400000453,陈磊,数学学院,C1019829,计算机网络,4.0,2024-09,2022-05-26,73
202400000454,陈娜,计算机学院,C1017256,人工智能,1.0,2024-02,2022-03-30,66
202400000455,王芳,外语学院,C1010177,计算机网络,2.0,2023-02,2023-07-23,32
202400000456,李华,数学学院,C1020684,算法设计,1.0,2023-02,2023-09-24,66
202400000457,周军,数学学院,C1027072,离散数学,1.0,2022-09,2024-10-11,59
202400000458,孙强,外语学院,C1022908,数据库系统,2.0,2023-09,2024-06-29,94
202400000459,郑敏,经济学院,C1008257,数据库系统,1.0,2023-02,2022-08-27,54
202400000460,赵鹏,经济学院,C1014537,编译原理,2.0,2022-09,2024-05-07,86
202400000461,吴军,计算机学院,C1031780,操作系统,1.0,2022-09,2024-08-14,60
202400000462,周伟,电子学院,C1019638,人工智能,3.0,2024-09,2022-08-11,26
202400000463,赵军,电子学院,C1017338,操作系统,4.0,2022-09,2024-03-10,56
202400000464,周涛,计算机学院,C1001497,数据结构,3.0,2022-09,2022-02-12,42
202400000465,冯磊,数学学院,C1024313,数据库系统,2.0,2023-09,2023-11-28,25
202400000466,周芳,电子学院,C1021864,人工智能,3.0,2022-09,2022-09-29,77
202400000467,陈伟,外语学院,C1029415,计算机网络,3.0,2023-09,2023-05-21,6
202400000468,李涛,计算机学院,C1032583,操作系统,3.0,2022-09,2022-12-25,53
202400000469,郑涛,外语学院,C1026829,离散数学,4.0,2023-09,2024-12-01,100
202400000470,孙涛,经济学院,C1024317,操作系统,3.0,2023-09,2023-09-01,62
202400000471,冯强,物理学院,C1027651,操作系统,1.0,2022-09,2022-08-09,42
202400000472,吴华,电子学院,C1005586,人工智能,1.0,2022-09,2024-02-15,56
202400000473,吴敏,电子学院,C1028036,算法设计,1.0,2024-02,2024-02-24,12
202400000474,赵芳,物理学院,C1011654,编译原理,1.0,2024-09,2023-01-27,37
202400000475,李军,电子学院,C1009858,计算机网络,1.0,2024-02,2022-04-28,81
202400000476,赵伟,计算机学院,C1020063,计算机网络,4.0,2024-02,2023-04-01,44
202400000477,钱磊,外语学院,C1029617,人工智能,2.0,2023-09,2024-08-28,11
202400000478,孙军,外语学院,C1002181,算法设计,4.0,2023-02,2023-08-26,82
202400000479,王涛,计算机学院,C1018700,人工智能,2.0,2023-02,2024-02-13,27
202400000480,吴军,经济学院,C1012257,编译原理,1.0,2024-09,2023-10-26,5
202400000481,吴芳,数学学院,C1031285,离散数学,2.0,2023-02,2022-05-27,19
202400000482,赵华,外语学院,C1014074,离散数学,2.0,2023-02,2024-06-16,11
202400000483,郑鹏,计算机学院,C1013760,操作系统,1.0,2024-02,2023-09-06,71
202400000484,赵强,电子学院,C1008326,数据库系统,1.0,2024-02,2022-01-26,67
202400000485,钱芳,数学学院,C1027159,编译原理,1.0,2023-02,2024-01-04,19
202400000486,冯娜,电子学院,C1022700,人工智能,3.0,2023-09,2023-09-20,49
202400000487,陈芳,数学学院,C1026792,数据结构,1.0,2024-02,2022-07-02,8
202400000488,郑华,物理学院,C1024100,算法设计,4.0,2023-09,2022-06-05,51
202400000489,吴华,外语学院,C1004259,编译原理,3.0,2023-09,2023-07-06,78
202400000490,王鹏,数学学院,C1026810,人工智能,1.0,2024-09,2022-12-28,47
202400000491,赵娜,外语学院,C1009337,离散数学,1.0,2024-09,2023-07-01,52
202400000492,钱伟,计算机学院,C1032228,数据库系统,2.0,2022-09,2022-01-02,82
202400000493,郑涛,经济学院,C1015815,离散数学,1.0,2023-09,2024-12-21,14
202400000494,孙军,电子学院,C1030052,数据库系统,1.0,2022-09,2022-12-12,78
202400000495,赵敏,外语学院,C1010637,计算机网络,4.0,2024-02,2022-10-22,69
202400000496,钱伟,外语学院,C1007982,计算机网络,4.0,2023-02,2024-01-11,74
202400000497,陈强,电子学院,C1025260,操作系统,3.0,2024-02,2023-09-12,19
202400000498,陈敏,电子学院,C1022804,数据结构,4.0,2023-09,2024-08-10,75
202400000499,王鹏,经济学院,C1029475,计算机网络,2.0,2024-02,2024-06-03,50
202400000500,孙芳,物理学院,C1015830,编译原理,2.0,2024-09,2022-01-21,64
202400000501,吴娜,外语学院,C1019601,操作系统,3.0,2024-09,2023-12-12,45
202400000502,冯华,数学学院,C1000176,算法设计,2.0,2024-09,2024-11-04,69
202400000503,赵娜,经济学院,C1014038,算法设计,1.0,2023-02,2024-10-27,99
202400000504,陈华,电子学院,C1020357,编译原理,2.0,2022-09,2024-09-27,0
202400000505,钱涛,电子学院,C1022510,编译原理,1.0,2024-02,2023-03-22,67
202400000506,周娜,外语学院,C1002853,人工智能,1.0,2024-09,2024-12-30,36
202400000507,孙强,计算机学院,C1008797,算法设计,4.0,2022-09,2024-01-21,23
202400000508,王军,数学学院,C1006251,离散数学,3.0,2022-09,2022-05-31,90
202400000509,陈军,经济学院,C1014278,人工智能,4.0,2023-02,2024-11-21,32
202400000510,王强,外语学院,C1020012,数据库系统,2.0,2023-02,2024-05-16,34
202400000511,吴涛,物理学院,C1004995,数据结构,3.0,2022-09,2024-01-31,40
202400000512,周磊,数学学院,C1025380,编译原理,4.0,2024-09,2023-02-12,51
202400000513,钱军,外语学院,C1011597,编译原理,1.0,2023-02,2022-07-29,6
202400000514,吴敏,物理学院,C1003169,离散数学,3.0,2023-09,2024-08-26,75
202400000515,赵强,数学学院,C1018022,计算机网络,1.0,2023-02,2022-12-24,97
202400000516,郑敏,外语学院,C1002025,编译原理,3.0,2023-02,2024-03-09,95
202400000517,李鹏,物理学院,C1019388,算法设计,2.0,2024-02,2022-11-22,60
202400000518,赵敏,物理学院,C1026757,操作系统,1.0,2024-02,2024-03-24,48
202400000519,王华,物理学院,C1013813,人工智能,2.0,2024-09,2023-01-20,68
202400000520,郑鹏,物理学院,C1028409,数据结构,2.0,2024-02,2024-09-04,29
202400000521,王芳,经济学院,C1009330,操作系统,4.0,2023-02,2024-03-08,91
202400000522,陈强,经济学院,C1025104,数据库系统,1.0,2023-02,2024-01-12,4
202400000523,王芳,数学学院,C1010917,人工智能,3.0,2022-09,2022-10-09,99
202400000524,李伟,物理学院,C1031303,编译原理,3.0,2024-02,2022-07-30,42
202400000525,孙磊,计算机学院,C1030541,人工智能,4.0,2024-09,2022-03-30,61
202400000526,郑华,电子学院,C1026363,计算机网络,4.0,2023-02,2022-10-12,59
202400000527,吴伟,计算机学院,C1013172,计算机网络,4.0,2024-09,2022-11-10,98
202400000528,赵鹏,电子学院,C1000613,人工智能,2.0,2024-09,2023-11-21,49
202400000529,陈芳,数学学院,C1017224,编译原理,2.0,2023-02,2022-05-26,29
202400000530,王芳,计算机学院,C1018125,计算机网络,4.0,2024-02,2022-07-09,26
202400000531,陈娜,外语学院,C1001313,数据库系统,1.0,2023-02,2022-05-14,18
202400000532,吴华,外语学院,C1021170,数据库系统,4.0,2024-09,2022-01-21,6
202400000533,王鹏,计算机学院,C1021334,数据库系统,3.0,2023-09,2022-09-10,68
202400000534,孙磊,外语学院,C1004836,人工智能,4.0,2023-02,2022-02-06,27
202400000535,郑磊,物理学院,C1031659,计算机网络,4.0,2022-09,2022-08-12,21
202400000536,王伟,经济学院,C1020673,编译原理,2.0,2023-09,2024-02-14,58
202400000537,孙华,经济学院,C1009087,计算机网络,2.0,2022-09,2023-04-23,93
202400000538,赵敏,数学学院,C1014343,编译原理,3.0,2024-02,2022-05-17,35
202400000539,陈军,外语学院,C1014856,编译原理,3.0,2024-09,2024-02-11,75
202400000540,郑芳,外语学院,C1015114,算法设计,4.0,2022-09,2023-08-23,8
202400000541,冯伟,物理学院,C1014906,数据库系统,2.0,2023-02,2023-08-30,82
202400000542,冯强,电子学院,C1023850,离散数学,4.0,2024-02,2024-03-04,98
202400000543,孙涛,物理学院,C1009256,数据库系统,4.0,2023-09,2023-02-16,1
202400000544,周涛,数学学院,C1010965,算法设计,3.0,2022-09,2024-08-10,100
202400000545,吴伟,物理学院,C1021003,算法设计,2.0,2023-02,2023-10-09,27
202400000546,赵涛,计算机学院,C1021378,计算机网络,4.0,2024-09,2024-07-16,50
202400000547,冯华,数学学院,C1012075,操作系统,4.0,2023-02,2023-05-08,32
202400000548,陈娜,电子学院,C1017764,编译原理,4.0,2024-09,2022-11-20,70
202400000549,钱伟,数学学院,C1028510,离散数学,3.0,2024-09,2023-10-29,48
202400000550,赵芳,计算机学院,C1009162,数据结构,1.0,2024-02,2022-12-09,60
202400000551,周涛,数学学院,C1017375,数据库系统,1.0,2024-02,2024-06-11,84
202400000552,郑芳,经济学院,C1018529,操作系统,2.0,2024-02,2023-10-21,68
202400000553,冯鹏,经济学院,C1016035,数据库系统,1.0,2024-02,2022-02-18,97
202400000554,冯磊,数学学院,C1001237,数据库系统,3.0,2024-02,2023-06-30,13
202400000555,赵芳,外语学院,C1012158,离散数学,2.0,2023-02,2023-03-06,56
202400000556,李军,数学学院,C1023944,数据库系统,2.0,2024-09,2023-12-07,14
202400000557,郑娜,经济学院,C1022188,数据结构,1.0,2024-09,2023-08-04,98
202400000558,郑芳,电子学院,C1018261,计算机网络,4.0,2024-02,2023-11-17,89
202400000559,王华,计算机学院,C1024230,人工智能,1.0,2024-09,2022-10-14,74
202400000560,郑涛,经济学院,C1024982,编译原理,1.0,2024-02,2024-09-02,20
202400000561,周伟,物理学院,C1015173,编译原理,3.0,2023-02,2023-02-19,82
202400000562,赵军,数学学院,C1000747,编译原理,4.0,2024-02,2024-08-03,3
202400000563,陈芳,外语学院,C1024218,编译原理,3.0,2024-09,2022-06-02,56
202400000564,钱强,外语学院,C1002674,计算机网络,1.0,2023-09,2023-12-14,73
202400000565,陈军,物理学院,C1015379,算法设计,4.0,2023-09,2022-07-27,21
202400000566,赵强,电子学院,C1004209,人工智能,1.0,2024-02,2024-09-23,16
202400000567,王芳,电子学院,C1024761,数据库系统,1.0,2023-09,2024-07-04,19
202400000568,孙鹏,外语学院,C1006300,编译原理,4.0,2023-09,2022-08-19,88
202400000569,李伟,外语学院,C1002991,操作系统,1.0,2023-09,2024-05-26,14
202400000570,李军,电子学院,C1007556,计算机网络,3.0,2024-09,2022-02-19,82
202400000571,王伟,电子学院,C1015420,算法设计,3.0,2022-09,2024-03-16,90
202400000572,赵娜,数学学院,C1032724,操作系统,2.0,2023-09,2023-11-28,87
202400000573,周华,数学学院,C1011011,离散数学,1.0,2023-02,2023-04-08,85
202400000574,钱磊,数学学院,C1025942,操作系统,3.0,2024-09,2024-04-24,9
202400000575,陈华,经济学院,C1010805,离散数学,1.0,2024-02,2023-09-13,85
202400000576,吴鹏,经济学院,C1013068,操作系统,2.0,2024-02,2023-07-24,35
202400000577,郑华,数学学院,C1001253,算法设计,4.0,2024-09,2024-12-20,21
202400000578,吴芳,计算机学院,C1023220,计算机网络,2.0,2024-09,2022-04-12,88
202400000579,赵强,外语学院,C1014278,数据库系统,3.0,2024-09,2024-07-20,5
202400000580,周强,外语学院,C1032656,计算机网络,4.0,2022-09,2022-06-15,31
202400000581,周磊,数学学院,C1022003,编译原理,1.0,2023-02,2023-09-27,73
202400000582,周娜,电子学院,C1020307,操作系统,1.0,2023-09,2022-10-14,58
202400000583,钱军,计算机学院,C1010911,离散数学,2.0,2023-09,2023-04-23,56
202400000584,王鹏,计算机学院,C1009077,离散数学,4.0,2022-09,2022-12-18,48
202400000585,王强,物理学院,C1015536,编译原理,2.0,2023-02,2022-02-17,69
202400000586,郑敏,计算机学院,C1025697,算法设计,2.0,2023-02,2024-09-18,63
202400000587,冯芳,物理学院,C1021435,计算机网络,1.0,2023-02,2022-04-27,88
202400000588,陈强,电子学院,C1002880,算法设计,1.0,2024-02,2022-07-10,38
202400000589,孙敏,计算机学院,C1003550,数据库系统,1.0,2023-02,2023-09-07,27
202400000590,周强,经济学院,C1020553,数据库系统,1.0,2022-09,2024-09-01,82
202400000591,陈军,经济学院,C1003164,数据结构,1.0,2023-02,2024-04-02,25
202400000592,孙涛,物理学院,C1025305,离散数学,3.0,2023-09,2022-10-14,1
202400000593,郑强,数学学院,C1018715,计算机网络,1.0,2024-09,2023-10-13,83
202400000594,冯强,经济学院,C1017863,离散数学,4.0,2024-09,2024-02-06,99
202400000595,陈娜,外语学院,C1022853,人工智能,3.0,2022-09,2022-11-20,47
202400000596,李涛,物理学院,C1026032,数据库系统,2.0,2022-09,2022-05-28,64
202400000597,陈伟,经济学院,C1018879,人工智能,1.0,2022-09,2022-06-13,99
202400000598,赵敏,物理学院,C1002093,人工智能,4.0,2023-02,2023-11-26,95
202400000599,郑磊,电子学院,C1028728,数据结构,1.0,2023-02,2023-02-17,37
202400000600,冯磊,经济学院,C1006702,人工智能,1.0,2023-02,2023-12-22,92
202400000601,郑芳,数学学院,C1004086,数据库系统,1.0,2023-09,2023-09-06,50
202400000602,周军,数学学院,C1030965,人工智能,4.0,2023-09,2023-02-03,54
202400000603,钱军,经济学院,C1007089,计算机网络,4.0,2023-09,2023-11-19,10
202400000604,冯敏,数学学院,C1025696,编译原理,2.0,2024-02,2024-02-19,15
202400000605,吴芳,经济学院,C1015899,数据结构,3.0,2022-09,2023-02-21,77
202400000606,王敏,电子学院,C1010889,离散数学,3.0,2024-02,2024-06-07,22
202400000607,赵华,数学学院,C1014562,算法设计,3.0,2024-09,2024-11-03,26
202400000608,郑强,物理学院,C1007136,编译原理,2.0,2023-02,2022-01-31,12
202400000609,钱伟,物理学院,C1009813,算法设计,4.0,2023-02,2022-03-06,96
202400000610,冯涛,外语学院,C1017487,编译原理,2.0,2022-09,2024-01-22,3
202400000611,郑涛,数学学院,C1019439,计算机网络,4.0,2024-09,2024-06-25,19
202400000612,冯敏,物理学院,C1004357,编译原理,3.0,2022-09,2024-04-30,54
202400000613,李伟,物理学院,C1001141,数据结构,4.0,2024-02,2022-05-26,97
202400000614,孙伟,物理学院,C1017401,人工智能,3.0,2022-09,2024-08-06,42
202400000615,赵敏,外语学院,C1026220,计算机网络,1.0,2022-09,2022-10-22,17
202400000616,郑涛,计算机学院,C1011596,操作系统,1.0,2022-09,2024-12-06,8
202400000617,孙娜,数学学院,C1016400,人工智能,2.0,2024-02,2024-09-30,47
202400000618,陈鹏,物理学院,C1026636,离散数学,4.0,2023-09,2024-11-29,91
202400000619,王敏,数学学院,C1023573,离散数学,2.0,2022-09,2022-01-14,87
202400000620,郑强,电子学院,C1006919,操作系统,3.0,2024-09,2024-05-24,42
202400000621,孙军,经济学院,C1021209,数据结构,4.0,2023-09,2024-08-14,11
202400000622,吴敏,物理学院,C1020400,编译原理,2.0,2024-02,2022-02-12,50
202400000623,周敏,经济学院,C1000462,离散数学,1.0,2023-09,2024-04-23,14
202400000624,李鹏,数学学院,C1008261,数据库系统,2.0,2023-09,2022-03-04,73
202400000625,周磊,电子学院,C1012098,算法设计,1.0,2022-09,2024-03-21,39
202400000626,钱伟,物理学院,C1007096,计算机网络,4.0,2023-02,2023-04-05,31
202400000627,周磊,数学学院,C1029403,数据结构,3.0,2023-09,2024-06-13,11
202400000628,陈芳,电子学院,C1006402,编译原理,2.0,2024-02,2024-05-31,87
202400000629,王芳,计算机学院,C1017236,离散数学,3.0,2023-02,2024-06-22,94
202400000630,郑军,经济学院,C1007410,编译原理,3.0,2022-09,2022-06-11,15
202400000631,李军,物理学院,C1006241,数据结构,2.0,2024-02,2022-09-09,100
202400000632,陈娜,外语学院,C1015505,数据结构,4.0,2024-02,2023-10-22,15
202400000633,李华,数学学院,C1029644,数据结构,4.0,2023-09,2022-02-12,18
202400000634,钱军,数学学院,C1023473,离散数学,4.0,2023-09,2022-12-02,18
202400000635,王伟,经济学院,C1028446,编译原理,3.0,2022-09,2024-02-02,97
202400000636,吴涛,计算机学院,C1006727,数据结构,3.0,2023-09,2023-02-06,8
202400000637,陈鹏,计算机学院,C1011128,离散数学,4.0,2024-02,2022-04-14,33
202400000638,周敏,物理学院,C1001177,数据库系统,4.0,2023-02,2022-11-17,91
202400000639,赵华,经济学院,C1018278,数据库系统,4.0,2023-09,2023-07-08,59
202400000640,王涛,物理学院,C1031083,数据结构,2.0,2024-02,2023-03-23,27
202400000641,孙娜,物理学院,C1023250,编译原理,2.0,2023-02,2022-08-08,24
202400000642,郑芳,计算机学院,C1001708,编译原理,3.0,2024-09,2022-03-19,98
202400000643,郑伟,电子学院,C1031584,编译原理,4.0,2023-02,2024-07-01,77
202400000644,冯鹏,计算机学院,C1002139,编译原理,2.0,2024-02,2024-08-05,75
202400000645,赵强,计算机学院,C1000987,人工智能,3.0,2022-09,2022-10-15,4
202400000646,孙敏,经济学院,C1028307,编译原理,3.0,2023-02,2024-02-05,95
202400000647,李华,经济学院,C1022399,编译原理,2.0,2024-09,2023-09-08,84
202400000648,冯芳,经济学院,C1001792,数据结构,4.0,2024-09,2022-09-07,71
202400000649,冯强,经济学院,C1011834,编译原理,1.0,2023-02,2023-09-06,98
202400000650,王华,外语学院,C1019247,编译原理,3.0,2023-02,2022-04-04,95
202400000651,陈军,经济学院,C1012612,离散数学,4.0,2022-09,2024-08-31,35
202400000652,钱伟,电子学院,C1022645,计算机网络,1.0,2023-09,2022-01-11,24
202400000653,吴涛,计算机学院,C1024471,离散数学,1.0,2024-02,2022-10-09,92
202400000654,李军,计算机学院,C1010080,数据结构,4.0,2024-09,2024-09-22,58
202400000655,王强,物理学院,C1026675,数据库系统,2.0,2024-09,2023-06-12,43
202400000656,冯强,数学学院,C1010227,计算机网络,1.0,2022-09,2023-11-13,19
202400000657,冯华,计算机学院,C1029746,数据库系统,2.0,2024-09,2024-10-17,98
202400000658,赵华,物理学院,C1025878,编译原理,3.0,2024-09,2023-04-01,12
202400000659,吴磊,物理学院,C1019732,计算机网络,2.0,2023-02,2022-06-12,80
202400000660,孙敏,经济学院,C1003329,计算机网络,2.0,2023-02,2022-11-23,81
202400000661,周军,数学学院,C1029641,数据结构,2.0,2024-02,2024-10-18,94
202400000662,冯伟,计算机学院,C1001431,数据库系统,4.0,2024-02,2023-05-13,90
202400000663,李涛,电子学院,C1011116,算法设计,1.0,2024-02,2024-12-17,10
202400000664,孙敏,物理学院,C1023260,计算机网络,1.0,2024-09,2024-05-15,18
202400000665,钱华,数学学院,C1016041,数据结构,2.0,2024-09,2023-06-09,77
202400000666,吴军,电子学院,C1011024,离散数学,1.0,2023-09,2024-10-17,33
202400000667,赵鹏,经济学院,C1028988,数据结构,2.0,2023-09,2023-08-26,21
202400000668,李鹏,数学学院,C1001826,算法设计,1.0,2023-02,2022-07-01,72
202400000669,陈军,数学学院,C1012052,数据库系统,4.0,2023-02,2024-04-22,61
202400000670,陈强,电子学院,C1024416,数据库系统,2.0,2022-09,2022-06-22,73
202400000671,赵华,数学学院,C1012538,数据库系统,1.0,2022-09,2022-06-17,38
202400000672,郑军,电子学院,C1021443,操作系统,3.0,2023-09,2024-08-15,19
202400000673,钱伟,经济学院,C1002771,离散数学,1.0,2024-02,2022-03-16,11
202400000674,陈伟,电子学院,C1027682,数据结构,4.0,2023-02,2022-06-22,92
202400000675,钱华,经济学院,C1031182,算法设计,4.0,2024-02,2022-04-08,97
202400000676,李涛,外语学院,C1010281,数据库系统,4.0,2022-09,2024-06-28,53
202400000677,冯鹏,计算机学院,C1024861,数据结构,3.0,2023-09,2024-08-26,27
202400000678,孙伟,数学学院,C1020473,数据结构,3.0,2023-09,2024-08-04,65
202400000679,李强,数学学院,C1016911,离散数学,1.0,2024-09,2023-11-18,6
202400000680,赵娜,计算机学院,C1017831,算法设计,1.0,2022-09,2022-08-15,90
202400000681,吴伟,外语学院,C1012456,数据库系统,1.0,2022-09,2022-12-30,13
202400000682,王芳,经济学院,C1007457,算法设计,1.0,2022-09,2024-05-03,62
202400000683,吴娜,电子学院,C1024575,操作系统,3.0,2023-09,2022-11-27,83
202400000684,李磊,物理学院,C1017185,编译原理,1.0,2024-09,2022-05-30,57
202400000685,王娜,计算机学院,C1029198,离散数学,4.0,2022-09,2022-02-16,10
202400000686,钱军,电子学院,C1019764,算法设计,4.0,2024-02,2023-01-24,80
202400000687,冯华,电子学院,C1019651,编译原理,2.0,2023-09,2024-06-22,20
202400000688,王伟,电子学院,C1031739,数据库系统,1.0,2023-09,2024-11-18,62
202400000689,赵强,数学学院,C1025188,人工智能,1.0,2024-02,2023-07-08,2
202400000690,钱伟,电子学院,C1022074,离散数学,3.0,2024-09,2023-05-14,1
202400000691,王强,计算机学院,C1011687,编译原理,4.0,2024-02,2024-04-12,44
202400000692,冯伟,外语学院,C1024133,离散数学,1.0,2022-09,2023-04-16,38
202400000693,孙军,计算机学院,C1010774,操作系统,1.0,2023-09,2022-03-05,87
202400000694,孙芳,电子学院,C1003317,操作系统,4.0,2023-09,2024-04-04,62
202400000695,陈华,计算机学院,C1024464,数据库系统,2.0,2024-02,2024-04-15,69
202400000696,王军,数学学院,C1017446,编译原理,4.0,2023-02,2024-09-11,31
202400000697,冯伟,电子学院,C1015366,计算机网络,4.0,2023-02,2022-02-03,97
202400000698,赵磊,计算机学院,C1008299,算法设计,4.0,2023-02,2023-03-06,27
202400000699,陈军,电子学院,C1000195,数据结构,2.0,2023-09,2022-02-01,3
202400000700,陈伟,经济学院,C1017543,人工智能,4.0,2024-09,2022-08-06,3
202400000701,吴鹏,计算机学院,C1002277,人工智能,1.0,2024-02,2022-07-22,85
202400000702,陈鹏,外语学院,C1015029,操作系统,4.0,2023-02,2023-02-18,19
202400000703,周鹏,经济学院,C1013525,算法设计,3.0,2023-09,2023-07-02,56
202400000704,郑华,数学学院,C1009985,数据结构,3.0,2024-02,2024-09-12,13
202400000705,陈鹏,经济学院,C1025298,计算机网络,1.0,2023-09,2022-12-28,14
202400000706,赵敏,外语学院,C1004873,数据结构,4.0,2022-09,2022-03-06,49
202400000707,周华,经济学院,C1007924,数据结构,2.0,2023-09,2023-08-07,85
202400000708,王鹏,外语学院,C1026377,人工智能,2.0,2023-09,2023-03-03,84
202400000709,郑华,外语学院,C1011571,编译原理,3.0,2023-09,2022-07-12,1
202400000710,王鹏,经济学院,C1032004,编译原理,1.0,2024-09,2022-02-08,39
202400000711,李芳,经济学院,C1020054,操作系统,3.0,2024-02,2022-10-18,17
202400000712,陈伟,物理学院,C1029274,算法设计,1.0,2024-02,2022-12-07,12
202400000713,吴娜,外语学院,C1013521,数据结构,4.0,2022-09,2024-11-23,29
202400000714,吴军,电子学院,C1016698,编译原理,4.0,2023-09,2022-08-22,38
202400000715,周涛,经济学院,C1006398,人工智能,3.0,2024-02,2024-02-23,74
202400000716,吴军,物理学院,C1003749,编译原理,2.0,2024-02,2024-09-13,20
202400000717,周鹏,计算机学院,C1019512,计算机网络,2.0,2024-02,2023-10-06,93
202400000718,赵芳,物理学院,C1019201,操作系统,3.0,2023-02,2022-12-07,73
202400000719,吴军,电子学院,C1008375,算法设计,3.0,2024-09,2024-01-20,77
202400000720,陈军,数学学院,C1004725,离散数学,1.0,2023-02,2022-11-13,57
202400000721,吴敏,数学学院,C1002126,离散数学,1.0,2023-02,2024-09-14,95
202400000722,周磊,经济学院,C1030586,计算机网络,2.0,2023-02,2024-07-27,70
202400000723,孙华,电子学院,C1032332,数据结构,1.0,2024-02,2023-03-24,54
202400000724,李涛,经济学院,C1023910,人工智能,3.0,2023-02,2022-11-20,71
202400000725,周敏,数学学院,C1014643,操作系统,4.0,2023-09,2023-01-09,0
202400000726,钱敏,物理学院,C1004578,编译原理,3.0,2024-09,2022-03-20,47
202400000727,陈涛,电子学院,C1020230,编译原理,2.0,2024-02,2024-01-12,40
202400000728,李军,物理学院,C1015240,数据结构,2.0,2023-09,2023-03-09,96
202400000729,周军,计算机学院,C1031577,离散数学,2.0,2024-09,2023-10-03,4
202400000730,赵军,经济学院,C1018713,数据结构,1.0,2022-09,2023-03-02,21
202400000731,冯强,数学学院,C1008297,人工智能,4.0,2023-02,2024-03-22,77
202400000732,王涛,外语学院,C1008206,操作系统,1.0,2023-02,2022-06-30,94
202400000733,陈磊,电子学院,C1031973,人工智能,2.0,2024-09,2024-01-24,8
202400000734,赵伟,物理学院,C1010865,算法设计,4.0,2024-09,2022-05-29,35
202400000735,陈强,计算机学院,C1030256,离散数学,1.0,2023-02,2024-06-20,41
202400000736,孙华,外语学院,C1025404,离散数学,4.0,2023-02,2024-01-25,17
202400000737,孙涛,物理学院,C1021318,人工智能,4.0,2023-02,2023-06-16,31
202400000738,李磊,物理学院,C1028089,算法设计,4.0,2024-02,2022-08-21,82
202400000739,郑涛,外语学院,C1026247,数据结构,4.0,2024-02,2024-12-29,35
202400000740,陈敏,物理学院,C1028561,离散数学,3.0,2023-02,2024-11-20,54
202400000741,李磊,计算机学院,C1032021,离散数学,4.0,2024-02,2024-10-11,52
202400000742,钱涛,数学学院,C1007819,人工智能,3.0,2022-09,2022-08-11,29
202400000743,郑磊,数学学院,C1002185,操作系统,2.0,2023-09,2024-10-05,27
202400000744,赵华,物理学院,C1002609,数据结构,2.0,2023-02,2022-10-27,35
202400000745,王华,电子学院,C1027693,算法设计,2.0,2024-02,2022-01-18,89
202400000746,王伟,数学学院,C1028371,操作系统,4.0,2022-09,2022-07-22,29
202400000747,陈涛,经济学院,C1012539,编译原理,4.0,2023-02,2024-03-26,77
202400000748,周敏,电子学院,C1008855,数据结构,4.0,2022-09,2024-06-17,100
202400000749,吴强,经济学院,C1013324,人工智能,3.0,2023-02,2024-04-24,91
202400000750,钱芳,计算机学院,C1016033,数据结构,4.0,2022-09,2023-01-08,75
202400000751,钱芳,外语学院,C1014663,数据结构,3.0,2024-02,2022-07-28,84
202400000752,郑鹏,数学学院,C1021881,人工智能,1.0,2024-09,2024-10-22,41
202400000753,周敏,计算机学院,C1014442,算法设计,3.0,2024-09,2023-02-26,15
202400000754,钱鹏,经济学院,C1009521,编译原理,1.0,2023-09,2022-06-13,24
202400000755,冯鹏,计算机学院,C1019644,数据库系统,1.0,2022-09,2023-07-04,17
202400000756,赵鹏,外语学院,C1003836,离散数学,4.0,2024-09,2024-09-11,39
202400000757,赵强,外语学院,C1030744,计算机网络,1.0,2023-02,2023-04-02,61
202400000758,王强,物理学院,C1001848,数据结构,4.0,2022-09,2024-02-25,99
202400000759,孙涛,外语学院,C1030726,计算机网络,3.0,2024-02,2023-09-02,83
202400000760,陈伟,数学学院,C1030746,算法设计,2.0,2023-09,2022-11-04,27
202400000761,郑军,外语学院,C1020508,离散数学,3.0,2023-09,2023-01-19,20
202400000762,吴磊,计算机学院,C1001650,操作系统,4.0,2024-09,2024-10-21,82
202400000763,周鹏,经济学院,C1030441,数据库系统,3.0,2022-09,2023-03-26,76
202400000764,孙华,电子学院,C1006993,计算机网络,3.0,2023-09,2023-05-23,68
202400000765,冯军,外语学院,C1021259,算法设计,1.0,2023-02,2023-02-05,38
202400000766,孙鹏,数学学院,C1022123,算法设计,4.0,2023-09,2024-06-08,91
202400000767,冯娜,数学学院,C1031811,数据库系统,2.0,2023-09,2024-07-24,45
202400000768,周敏,数学学院,C1027790,数据库系统,2.0,2023-09,2023-05-17,56
202400000769,郑娜,电子学院,C1004263,数据库系统,3.0,2023-09,2023-07-09,14
202400000770,王鹏,经济学院,C1017035,算法设计,4.0,2022-09,2024-07-26,6
202400000771,吴伟,物理学院,C1028738,算法设计,4.0,2022-09,2023-02-04,12
202400000772,吴伟,物理学院,C1008282,编译原理,3.0,2024-02,2023-01-05,56
202400000773,李强,物理学院,C1027067,算法设计,1.0,2023-09,2022-02-11,99
202400000774,陈涛,数学学院,C1029030,计算机网络,3.0,2024-02,2022-02-14,61
202400000775,周军,计算机学院,C1024802,操作系统,3.0,2023-02,2024-06-08,42
202400000776,李磊,物理学院,C1032324,操作系统,3.0,2023-02,2024-02-17,20
202400000777,吴华,数学学院,C1019508,人工智能,4.0,2024-02,2023-04-04,23
202400000778,王强,数学学院,C1012611,离散数学,3.0,2024-09,2022-08-15,77
202400000779,赵伟,物理学院,C1008363,人工智能,2.0,2023-09,2022-04-25,5
202400000780,王伟,计算机学院,C1006800,离散数学,4.0,2022-09,2022-08-06,62
202400000781,吴强,经济学院,C1029569,算法设计,2.0,2023-02,2023-01-23,7
202400000782,吴军,电子学院,C1023019,离散数学,2.0,2022-09,2022-08-04,47
202400000783,李军,电子学院,C1020395,计算机网络,4.0,2024-02,2022-06-11,31
202400000784,周芳,外语学院,C1008991,离散数学,2.0,2024-02,2023-08-01,21
202400000785,孙敏,数学学院,C1002350,人工智能,3.0,2023-02,2023-12-30,87
202400000786,孙鹏,计算机学院,C1004020,数据结构,4.0,2024-09,2023-10-04,45
202400000787,郑娜,外语学院,C1019119,人工智能,4.0,2024-02,2024-09-17,0
202400000788,冯军,电子学院,C1011166,操作系统,1.0,2023-09,2024-06-25,42
202400000789,周磊,电子学院,C1016829,计算机网络,1.0,2024-09,2022-04-15,77
202400000790,陈磊,经济学院,C1029647,计算机网络,1.0,2023-09,2022-10-11,81
202400000791,陈娜,计算机学院,C1015558,数据库系统,2.0,2024-02,2023-02-25,92
202400000792,李鹏,物理学院,C1009460,数据结构,4.0,2024-02,2023-08-13,39
202400000793,孙鹏,物理学院,C1020933,计算机网络,4.0,2023-02,2024-09-03,24
202400000794,李军,经济学院,C1003535,操作系统,4.0,2023-09,2022-12-01,90
202400000795,李鹏,外语学院,C1020217,离散数学,2.0,2022-09,2022-02-07,8
202400000796,冯磊,外语学院,C1027622,算法设计,2.0,2024-02,2023-07-27,88
202400000797,钱鹏,外语学院,C1022351,数据结构,3.0,2024-09,2022-10-06,28
202400000798,吴强,外语学院,C1031355,数据结构,1.0,2024-02,2022-01-22,85
202400000799,吴敏,外语学院,C1012869,数据结构,4.0,2023-02,2022-11-12,71
202400000800,陈鹏,数学学院,C1006925,离散数学,3.0,2024-02,2023-12-19,96
202400000801,周伟,计算机学院,C1004973,数据结构,1.0,2023-02,2023-01-18,100
202400000802,吴伟,物理学院,C1011223,数据结构,4.0,2024-02,2023-07-04,95
202400000803,陈涛,数学学院,C1032731,编译原理,4.0,2024-02,2023-01-26,42
202400000804,赵鹏,电子学院,C1003068,操作系统,2.0,2023-09,2022-06-28,4
202400000805,李伟,外语学院,C1004125,人工智能,3.0,2023-09,2022-03-11,63
202400000806,郑娜,计算机学院,C1018030,操作系统,2.0,2023-09,2024-04-15,50
202400000807,钱芳,外语学院,C1011161,操作系统,3.0,2023-09,2024-10-31,34
202400000808,钱鹏,电子学院,C1013227,离散数学,1.0,2023-09,2022-07-09,92
202400000809,李强,电子学院,C1003678,离散数学,1.0,2023-02,2022-10-09,58
202400000810,王娜,数学学院,C1026594,人工智能,3.0,2024-09,2023-01-19,78
202400000811,吴军,经济学院,C1001225,操作系统,2.0,2023-09,2022-04-26,91
202400000812,李华,外语学院,C1017959,操作系统,1.0,2023-02,2024-06-17,20
202400000813,陈伟,数学学院,C1022673,算法设计,4.0,2022-09,2024-01-25,36
202400000814,郑华,计算机学院,C1025271,离散数学,4.0,2022-09,2024-05-25,65
202400000815,陈军,电子学院,C1000281,操作系统,1.0,2024-09,2022-08-29,19
202400000816,郑磊,数学学院,C1019838,计算机网络,2.0,2022-09,2024-03-01,8
202400000817,周华,计算机学院,C1021780,编译原理,4.0,2023-09,2024-12-26,44
202400000818,王敏,经济学院,C1015197,数据库系统,2.0,2022-09,2022-07-28,88
202400000819,钱鹏,经济学院,C1019932,计算机网络,3.0,2023-02,2023-03-14,71
202400000820,王鹏,外语学院,C1008165,编译原理,1.0,2024-09,2022-05-21,24
202400000821,李娜,计算机学院,C1029978,计算机网络,2.0,2022-09,2024-08-09,27
202400000822,孙敏,外语学院,C1029309,算法设计,4.0,2023-02,2024-05-22,51
202400000823,孙鹏,经济学院,C1025473,离散数学,4.0,2024-02,2023-11-29,29
202400000824,李涛,经济学院,C1024877,编译原理,1.0,2023-02,2023-11-17,18
202400000825,陈军,计算机学院,C1023502,数据结构,4.0,2023-09,2023-04-01,63
202400000826,孙芳,电子学院,C1026759,人工智能,3.0,2024-02,2023-05-15,74
202400000827,郑华,经济学院,C1005970,数据结构,3.0,2023-09,2023-05-27,27
202400000828,赵军,电子学院,C1031590,编译原理,3.0,2024-09,2022-11-26,64
202400000829,赵敏,数学学院,C1022953,计算机网络,3.0,2022-09,2022-12-24,12
202400000830,吴伟,数学学院,C1026234,计算机网络,3.0,2024-09,2022-02-01,35
202400000831,王华,计算机学院,C1026479,人工智能,2.0,2023-09,2024-05-12,88
202400000832,钱军,电子学院,C1015059,数据结构,1.0,2022-09,2024-03-19,43
202400000833,冯华,物理学院,C1006160,人工智能,4.0,2024-02,2022-09-15,79
202400000834,李娜,数学学院,C1006131,数据结构,3.0,2023-09,2024-07-12,70
202400000835,王磊,计算机学院,C1032010,计算机网络,3.0,2023-02,2024-06-28,48
202400000836,孙军,计算机学院,C1030990,数据库系统,1.0,2023-09,2023-01-19,51
202400000837,李鹏,外语学院,C1004403,数据库系统,2.0,2022-09,2024-01-23,100
202400000838,孙敏,电子学院,C1000633,数据库系统,3.0,2024-09,2022-06-14,83
202400000839,吴敏,计算机学院,C1008421,离散数学,1.0,2023-09,2024-10-08,25
202400000840,钱强,外语学院,C1000893,操作系统,2.0,2024-09,2023-09-21,52
202400000841,周鹏,经济学院,C1012323,数据结构,2.0,2023-09,2024-04-30,18
202400000842,钱强,经济学院,C1017929,数据结构,2.0,2024-09,2022-01-05,47
202400000843,赵芳,物理学院,C1007691,离散数学,2.0,2022-09,2022-12-20,20
202400000844,孙涛,电子学院,C1010486,离散数学,3.0,2022-09,2022-05-18,24
202400000845,吴涛,计算机学院,C1013619,人工智能,1.0,2023-09,2024-08-21,32
202400000846,钱伟,电子学院,C1013022,操作系统,3.0,2023-09,2024-04-01,52
202400000847,周军,计算机学院,C1020172,编译原理,2.0,2024-02,2024-04-06,88
202400000848,钱芳,电子学院,C1006831,数据结构,4.0,2024-02,2024-08-21,24
202400000849,王娜,物理学院,C1014994,数据结构,3.0,2024-09,2022-10-11,6
202400000850,周娜,电子学院,C1000131,人工智能,1.0,2024-02,2023-02-13,38
202400000851,陈芳,数学学院,C1020476,人工智能,4.0,2024-02,2023-03-25,12
202400000852,郑涛,电子学院,C1003178,计算机网络,4.0,2023-02,2023-06-28,54
202400000853,钱华,计算机学院,C1029991,计算机网络,4.0,2024-02,2023-09-01,14
202400000854,赵鹏,数学学院,C1012828,算法设计,2.0,2023-02,2022-08-06,80
202400000855,陈伟,经济学院,C1005741,人工智能,4.0,2023-02,2022-05-31,6
202400000856,赵华,电子学院,C1016350,数据库系统,4.0,2022-09,2024-04-03,19
202400000857,李磊,经济学院,C1003501,操作系统,4.0,2023-02,2023-07-06,53
202400000858,孙磊,经济学院,C1029682,计算机网络,3.0,2024-09,2023-10-25,54
202400000859,冯伟,电子学院,C1025259,数据结构,1.0,2024-09,2022-08-14,43
202400000860,钱伟,物理学院,C1026473,编译原理,1.0,2023-09,2023-03-12,84
202400000861,钱芳,物理学院,C1011793,计算机网络,1.0,2023-09,2022-05-13,39
202400000862,钱强,物理学院,C1032319,操作系统,1.0,2022-09,2022-05-22,60
202400000863,冯强,数学学院,C1020216,人工智能,4.0,2022-09,2024-05-17,45
202400000864,钱涛,电子学院,C1003062,操作系统,4.0,2022-09,2023-02-02,6
202400000865,李芳,经济学院,C1007944,编译原理,4.0,2023-02,2024-06-29,71
202400000866,冯芳,外语学院,C1018745,算法设计,3.0,2023-02,2023-05-29,97
202400000867,孙敏,经济学院,C1029576,数据库系统,1.0,2023-09,2024-04-12,2
202400000868,赵伟,电子学院,C1025130,计算机网络,3.0,2023-09,2023-03-03,49
202400000869,李军,数学学院,C1004597,数据库系统,1.0,2024-09,2023-08-08,27
202400000870,钱娜,电子学院,C1007778,数据结构,4.0,2022-09,2023-01-07,27
202400000871,周鹏,经济学院,C1023807,编译原理,4.0,2022-09,2024-07-22,48
202400000872,冯军,外语学院,C1015059,数据结构,1.0,2024-09,2022-05-03,53
202400000873,郑娜,电子学院,C1029435,离散数学,3.0,2023-02,2023-10-30,70
202400000874,钱芳,经济学院,C1021263,算法设计,2.0,2022-09,2024-04-27,78
202400000875,王强,物理学院,C1020777,离散数学,3.0,2023-02,2024-11-25,28
202400000876,吴华,外语学院,C1031379,数据结构,3.0,2024-02,2023-08-27,58
202400000877,李鹏,计算机学院,C1024415,操作系统,4.0,2022-09,2024-06-27,13
202400000878,王娜,外语学院,C1014391,数据库系统,3.0,2023-09,2022-01-15,46
202400000879,王鹏,经济学院,C1007674,人工智能,3.0,2023-02,2022-07-13,65
202400000880,王华,电子学院,C1017610,操作系统,1.0,2023-09,2024-06-02,5
202400000881,周芳,数学学院,C1007202,操作系统,3.0,2023-02,2022-09-27,34
202400000882,孙娜,物理学院,C1002943,操作系统,3.0,2024-09,2022-05-26,2
202400000883,王伟,数学学院,C1028358,计算机网络,4.0,2023-09,2024-05-10,67
202400000884,王芳,计算机学院,C1017858,操作系统,3.0,2023-09,2023-03-10,48
202400000885,郑强,电子学院,C1010460,计算机网络,3.0,2024-09,2023-11-30,1
202400000886,王涛,电子学院,C1030084,算法设计,3.0,2022-09,2023-07-01,77
202400000887,李伟,电子学院,C1025539,操作系统,1.0,2023-02,2022-10-17,60
202400000888,赵娜,外语学院,C1018463,操作系统,1.0,2024-02,2023-06-21,41
202400000889,冯华,经济学院,C1019164,算法设计,3.0,2023-02,2022-06-24,95
202400000890,李华,经济学院,C1024937,算法设计,1.0,2023-09,2022-09-24,8
202400000891,王军,计算机学院,C1026557,人工智能,4.0,2022-09,2022-09-28,25
202400000892,陈娜,物理学院,C1000391,编译原理,4.0,2024-09,2024-12-13,29
202400000893,陈华,外语学院,C1011391,离散数学,3.0,2024-09,2023-01-21,93
202400000894,王磊,经济学院,C1014754,编译原理,1.0,2024-02,2022-02-07,15
202400000895,周鹏,物理学院,C1000025,数据结构,2.0,2023-09,2024-12-10,41
202400000896,李鹏,经济学院,C1017039,数据结构,2.0,2022-09,2024-04-27,95
202400000897,陈磊,计算机学院,C1027854,编译原理,2.0,2024-09,2024-02-12,75
202400000898,赵敏,计算机学院,C1022016,算法设计,2.0,2024-09,2022-04-30,61
202400000899,冯军,物理学院,C1004877,数据结构,1.0,2023-09,2024-07-10,61
202400000900,李娜,计算机学院,C1030182,离散数学,4.0,2024-09,2024-12-05,22
202400000901,郑敏,计算机学院,C1015196,数据结构,1.0,2023-09,2024-11-15,98
202400000902,钱强,电子学院,C1009982,数据结构,3.0,2024-02,2022-07-23,18
202400000903,冯敏,物理学院,C1024607,数据库系统,2.0,2024-02,2023-03-23,98
202400000904,钱强,经济学院,C1006853,数据库系统,3.0,2024-02,2024-03-22,13
202400000905,吴军,外语学院,C1023647,算法设计,3.0,2023-02,2023-08-20,32
202400000906,冯华,物理学院,C1027212,计算机网络,4.0,2022-09,2024-01-26,20
202400000907,郑敏,电子学院,C1009948,操作系统,1.0,2024-09,2024-01-16,76
202400000908,吴伟,外语学院,C1009880,编译原理,4.0,2023-09,2023-08-26,0
202400000909,钱强,数学学院,C1012557,人工智能,1.0,2022-09,2023-06-17,87
202400000910,周涛,计算机学院,C1029850,离散数学,4.0,2024-09,2023-12-03,7
202400000911,冯军,经济学院,C1014299,编译原理,4.0,2023-09,2022-11-16,50
202400000912,孙涛,电子学院,C1031207,算法设计,3.0,2023-09,2024-11-08,72
202400000913,孙军,物理学院,C1008251,人工智能,1.0,2024-09,2023-07-15,97
202400000914,周伟,计算机学院,C1023720,算法设计,1.0,2023-02,2022-05-12,71
202400000915,郑华,数学学院,C1027635,离散数学,4.0,2023-09,2024-08-21,21
202400000916,李涛,计算机学院,C1021640,计算机网络,1.0,2024-09,2024-05-29,72
202400000917,陈敏,物理学院,C1031538,操作系统,2.0,2023-02,2024-06-05,28
202400000918,李强,外语学院,C1005003,计算机网络,3.0,2022-09,2024-03-10,59
202400000919,陈敏,经济学院,C1015802,人工智能,1.0,2024-09,2022-05-16,5
202400000920,周华,计算机学院,C1029960,离散数学,1.0,2023-09,2022-05-05,25
202400000921,李芳,物理学院,C1015058,计算机网络,2.0,2023-02,2023-04-11,42
202400000922,郑强,物理学院,C1013891,算法设计,1.0,2023-09,2024-11-19,30
202400000923,赵芳,物理学院,C1000319,数据库系统,4.0,2023-09,2023-02-19,57
202400000924,李涛,外语学院,C1020312,编译原理,4.0,2022-09,2024-01-22,75
202400000925,赵华,数学学院,C1012523,计算机网络,3.0,2024-09,2022-08-27,4
202400000926,吴涛,计算机学院,C1009339,人工智能,1.0,2023-02,2022-09-23,25
202400000927,李芳,数学学院,C1030217,计算机网络,4.0,2023-02,2024-01-08,44
202400000928,郑华,计算机学院,C1001717,编译原理,1.0,2024-02,2024-09-24,12
202400000929,冯磊,经济学院,C1002520,人工智能,2.0,2022-09,2024-03-26,34
202400000930,郑鹏,数学学院,C1010400,数据结构,1.0,2024-09,2023-08-18,21
202400000931,冯华,计算机学院,C1012112,计算机网络,1.0,2022-09,2023-07-09,24
202400000932,周磊,数学学院,C1005851,操作系统,1.0,2023-09,2023-11-16,8
202400000933,周鹏,电子学院,C1014942,数据结构,1.0,2024-09,2022-04-26,51
202400000934,孙磊,计算机学院,C1015655,数据库系统,1.0,2024-02,2024-06-03,74
202400000935,钱磊,经济学院,C1003708,离散数学,2.0,2024-09,2022-01-05,79
202400000936,钱敏,计算机学院,C1022635,数据库系统,2.0,2024-02,2024-06-10,67
202400000937,赵军,物理学院,C1013765,操作系统,3.0,2023-09,2022-02-22,52
202400000938,赵磊,物理学院,C1015128,计算机网络,3.0,2022-09,2022-06-12,100
202400000939,冯军,数学学院,C1019420,人工智能,1.0,2024-02,2023-11-19,12
202400000940,陈敏,计算机学院,C1019611,编译原理,2.0,2024-09,2022-05-20,64
202400000941,钱敏,数学学院,C1002101,人工智能,1.0,2024-02,2023-10-25,7
202400000942,钱伟,电子学院,C1032224,数据库系统,2.0,2024-02,2024-09-05,36
202400000943,冯磊,经济学院,C1018856,操作系统,1.0,2022-09,2024-02-16,91
202400000944,陈涛,经济学院,C1023581,计算机网络,1.0,2024-02,2022-03-05,31
202400000945,周华,计算机学院,C1012629,数据结构,4.0,2023-02,2024-10-28,51
202400000946,孙伟,计算机学院,C1018518,离散数学,3.0,2024-09,2024-07-04,12
202400000947,冯敏,电子学院,C1011579,算法设计,2.0,2024-09,2023-04-25,90
202400000948,孙强,外语学院,C1030035,算法设计,2.0,2023-09,2022-03-24,57
202400000949,郑娜,经济学院,C1023327,数据结构,1.0,2023-02,2024-06-07,96
202400000950,周芳,外语学院,C1030475,数据结构,2.0,2024-02,2023-06-06,43
202400000951,赵军,计算机学院,C1031371,数据结构,3.0,2022-09,2022-07-18,8
202400000952,陈华,计算机学院,C1013745,人工智能,3.0,2022-09,2022-06-20,55
202400000953,冯军,数学学院,C1018695,数据库系统,1.0,2024-02,2022-07-09,78
202400000954,钱华,数学学院,C1019416,计算机网络,2.0,2024-02,2024-01-25,92
202400000955,赵芳,计算机学院,C1011754,人工智能,1.0,2024-09,2024-10-05,83
202400000956,陈华,电子学院,C1002675,算法设计,2.0,2023-09,2023-06-23,27
202400000957,赵磊,计算机学院,C1006989,数据库系统,1.0,2024-02,2023-02-15,99
202400000958,吴华,物理学院,C1024227,编译原理,2.0,2023-02,2022-11-03,50
202400000959,赵军,经济学院,C1004097,人工智能,2.0,2024-09,2022-08-17,11
202400000960,李娜,经济学院,C1029826,操作系统,1.0,2024-09,2022-07-17,53
202400000961,李华,外语学院,C1017055,离散数学,3.0,2024-02,2024-02-13,1
202400000962,冯鹏,经济学院,C1032626,数据结构,3.0,2023-02,2023-05-08,10
202400000963,吴涛,物理学院,C1016394,数据结构,4.0,2024-02,2023-09-21,38
202400000964,冯华,计算机学院,C1023457,操作系统,1.0,2024-09,2023-04-08,72
202400000965,李华,计算机学院,C1016372,编译原理,2.0,2024-02,2023-05-30,36
202400000966,李敏,计算机学院,C1005556,操作系统,2.0,2023-09,2023-04-05,92
202400000967,吴芳,经济学院,C1012366,数据库系统,3.0,2023-09,2022-10-14,35
202400000968,陈强,数学学院,C1007389,数据结构,4.0,2022-09,2022-07-07,17
202400000969,陈磊,经济学院,C1003238,算法设计,2.0,2023-02,2023-07-11,46
202400000970,王娜,外语学院,C1018636,算法设计,1.0,2022-09,2022-10-08,3
202400000971,周强,经济学院,C1004320,编译原理,1.0,2023-02,2022-03-13,4
202400000972,孙伟,外语学院,C1016436,操作系统,1.0,2024-09,2023-02-06,10
202400000973,郑涛,电子学院,C1018128,离散数学,4.0,2022-09,2022-12-13,67
202400000974,冯军,电子学院,C1032224,操作系统,4.0,2024-09,2024-05-07,43
202400000975,孙鹏,经济学院,C1025753,数据库系统,2.0,2024-02,2024-12-19,0
202400000976,周伟,经济学院,C1000390,计算机网络,3.0,2023-02,2024-11-18,18
202400000977,赵华,数学学院,C1032231,离散数学,1.0,2024-02,2022-11-12,48
202400000978,吴鹏,电子学院,C1030433,计算机网络,1.0,2024-09,2024-01-24,54
202400000979,周娜,数学学院,C1015445,计算机网络,4.0,2022-09,2023-09-18,21
202400000980,王敏,电子学院,C1006330,离散数学,3.0,2024-09,2024-03-18,40
202400000981,陈娜,外语学院,C1015261,数据结构,1.0,2024-09,2023-07-19,96
202400000982,王敏,物理学院,C1007900,编译原理,3.0,2023-09,2023-02-15,9
202400000983,周娜,物理学院,C1021613,算法设计,3.0,2023-09,2022-02-19,88
202400000984,赵军,电子学院,C1027954,人工智能,3.0,2022-09,2022-01-27,85
202400000985,钱鹏,数学学院,C1009459,离散数学,3.0,2024-09,2024-01-23,6
202400000986,郑涛,经济学院,C1020352,人工智能,2.0,2023-02,2022-05-13,80
202400000987,钱娜,计算机学院,C1004213,离散数学,3.0,2024-02,2022-01-27,32
202400000988,赵强,计算机学院,C1008305,数据库系统,2.0,2024-09,2022-05-30,90
202400000989,钱磊,经济学院,C1020381,计算机网络,2.0,2023-09,2024-10-13,44
202400000990,李鹏,数学学院,C1007153,数据结构,4.0,2023-02,2024-10-23,77
202400000991,钱鹏,电子学院,C1004408,数据库系统,4.0,2023-09,2023-05-29,84
202400000992,郑华,电子学院,C1007180,算法设计,4.0,2023-02,2023-03-03,80
202400000993,周娜,经济学院,C1010140,计算机网络,2.0,2022-09,2022-07-17,58
202400000994,陈磊,物理学院,C1027853,编译原理,2.0,2023-02,2023-07-07,8
202400000995,吴芳,计算机学院,C1024818,数据库系统,2.0,2022-09,2023-08-13,79
202400000996,陈华,电子学院,C1003792,人工智能,4.0,2024-09,2022-09-01,52
202400000997,王鹏,外语学院,C1000279,编译原理,3.0,2023-02,2022-07-07,90
202400000998,钱涛,经济学院,C1031101,计算机网络,2.0,2024-09,2024-03-27,94
202400000999,冯涛,数学学院,C1029134,人工智能,3.0,2023-02,2022-04-20,46
