202400000000,HuangJun,电子学院,C1019528,数据库系统,4.0,2024-09,2023-12-10,85
202400000001,LiuLei,电子学院,C1015938,操作系统,2.0,2024-02,2024-01-03,88
202400000002,HuangPeng,数学学院,C1021802,数据结构,2.0,2022-09,2024-08-28,39
202400000003,ZhouFang,电子学院,C1026904,数据库系统,3.0,2023-02,2022-02-25,58
202400000004,ZhangFang,经济学院,C1001271,数据结构,3.0,2023-09,2024-05-01,34
202400000005,ZhangLei,计算机学院,C1032678,编译原理,3.0,2023-09,2024-12-21,75
202400000006,YangTao,物理学院,C1016640,人工智能,4.0,2023-09,2024-06-09,50
202400000007,XuHua,外语学院,C1016294,算法设计,3.0,2024-09,2023-04-05,51
202400000008,WangQiang,计算机学院,C1028064,操作系统,4.0,2023-09,2024-12-01,20
202400000009,XuFang,电子学院,C1028001,数据库系统,1.0,2023-09,2022-07-26,64
202400000010,LiuMing,外语学院,C1018645,操作系统,1.0,2024-02,2024-06-21,9
202400000011,XuLei,物理学院,C1010678,算法设计,3.0,2023-02,2023-03-16,26
202400000012,ZhaoJun,经济学院,C1028016,算法设计,4.0,2024-02,2023-01-20,78
202400000013,XuJun,计算机学院,C1011001,数据结构,3.0,2023-09,2022-12-09,58
202400000014,ZhaoPeng,外语学院,C1015463,人工智能,3.0,2023-09,2024-09-05,98
202400000015,XuHua,物理学院,C1019612,人工智能,2.0,2024-02,2024-11-26,97
202400000016,ZhouQiang,经济学院,C1012333,算法设计,1.0,2024-09,2024-09-11,29
202400000017,XuHua,电子学院,C1018658,编译原理,3.0,2023-09,2023-12-15,63
202400000018,LiMing,数学学院,C1031264,数据结构,3.0,2023-02,2024-12-10,82
202400000019,LiPeng,数学学院,C1015625,数据结构,1.0,2024-02,2024-10-11,86
202400000020,YangQiang,电子学院,C1019563,编译原理,2.0,2023-02,2024-10-16,74
202400000021,ZhaoJun,物理学院,C1009134,数据结构,3.0,2022-09,2022-07-01,62
202400000022,WangPeng,计算机学院,C1027377,数据结构,4.0,2023-02,2022-05-02,23
202400000023,WangTao,数学学院,C1002648,操作系统,3.0,2024-02,2024-09-03,71
202400000024,ZhouJun,数学学院,C1007185,数据库系统,2.0,2022-09,2024-04-16,38
202400000025,LiWei,物理学院,C1015987,数据库系统,2.0,2024-02,2023-02-12,4
202400000026,LiuFang,经济学院,C1026225,编译原理,3.0,2023-02,2023-08-28,72
202400000027,YangPeng,物理学院,C1021273,数据库系统,1.0,2024-09,2022-12-28,44
202400000028,ChenWei,物理学院,C1017165,人工智能,3.0,2024-09,2022-05-21,30
202400000029,ChenQiang,数学学院,C1001149,编译原理,2.0,2024-02,2023-06-13,67
202400000030,WangFang,电子学院,C1006967,操作系统,3.0,2022-09,2024-02-16,55
202400000031,LiNa,物理学院,C1028380,操作系统,1.0,2022-09,2024-03-10,18
202400000032,HuangWei,经济学院,C1008277,操作系统,4.0,2024-02,2022-12-30,45
202400000033,LiJun,计算机学院,C1007734,离散数学,2.0,2024-09,2022-01-15,12
202400000034,LiTao,电子学院,C1022390,算法设计,3.0,2023-09,2023-08-19,56
202400000035,ChenNa,经济学院,C1031040,计算机网络,4.0,2022-09,2022-01-09,15
202400000036,ChenQiang,外语学院,C1009503,算法设计,2.0,2024-09,2024-11-14,88
202400000037,HuangWei,经济学院,C1017747,操作系统,4.0,2023-09,2024-06-23,63
202400000038,ZhouTao,数学学院,C1019928,编译原理,2.0,2024-02,2024-04-21,74
202400000039,LiJun,计算机学院,C1019005,人工智能,2.0,2024-02,2024-06-01,92
202400000040,ChenTao,外语学院,C1020066,人工智能,2.0,2023-09,2024-05-03,86
202400000041,ChenJun,物理学院,C1017473,编译原理,4.0,2023-02,2023-10-31,91
202400000042,WangQiang,电子学院,C1012958,人工智能,3.0,2024-09,2024-04-20,32
202400000043,ChenFang,数学学院,C1010159,人工智能,1.0,2023-09,2022-08-24,85
202400000044,XuLei,经济学院,C1015502,离散数学,2.0,2023-09,2023-01-07,34
202400000045,ZhangWei,物理学院,C1003280,数据库系统,3.0,2022-09,2024-08-05,73
202400000046,ChenLei,计算机学院,C1019702,数据结构,2.0,2024-02,2022-03-03,99
202400000047,ZhaoMing,外语学院,C1015397,计算机网络,1.0,2023-02,2024-05-06,77
202400000048,ChenWei,经济学院,C1009608,编译原理,2.0,2024-09,2023-08-10,81
202400000049,LiPeng,经济学院,C1004640,人工智能,4.0,2022-09,2023-01-28,49
202400000050,ZhangTao,外语学院,C1022685,离散数学,1.0,2024-09,2022-04-20,1
202400000051,HuangNa,数学学院,C1007913,离散数学,3.0,2022-09,2023-01-27,83
202400000052,HuangPeng,计算机学院,C1007401,人工智能,1.0,2023-09,2024-06-20,61
202400000053,LiPeng,外语学院,C1020938,人工智能,3.0,2023-09,2024-01-19,31
202400000054,ZhangTao,经济学院,C1021430,数据结构,3.0,2023-02,2024-01-03,43
202400000055,ZhouNa,经济学院,C1031056,离散数学,4.0,2023-09,2023-06-22,52
202400000056,YangQiang,电子学院,C1028281,人工智能,1.0,2024-02,2022-04-11,51
202400000057,XuFang,经济学院,C1014416,人工智能,1.0,2022-09,2023-05-19,50
202400000058,LiuHua,物理学院,C1005354,数据结构,1.0,2024-09,2022-01-29,89
202400000059,ChenLei,电子学院,C1005444,人工智能,3.0,2024-09,2022-04-16,12
202400000060,LiTao,经济学院,C1001768,计算机网络,1.0,2023-09,2023-05-10,22
202400000061,ZhouTao,电子学院,C1019655,操作系统,4.0,2024-09,2024-09-02,2
202400000062,XuQiang,计算机学院,C1017858,离散数学,2.0,2023-09,2022-04-13,61
202400000063,ZhouNa,电子学院,C1024849,操作系统,2.0,2024-09,2023-03-03,46
202400000064,ZhaoFang,外语学院,C1009933,算法设计,4.0,2023-09,2022-06-30,96
202400000065,ZhangTao,经济学院,C1020419,数据结构,4.0,2022-09,2024-12-20,17
202400000066,ChenTao,经济学院,C1007491,编译原理,1.0,2024-02,2022-07-23,8
202400000067,LiuTao,电子学院,C1013421,数据结构,1.0,2023-09,2023-01-23,63
202400000068,LiuTao,计算机学院,C1023522,数据结构,3.0,2023-09,2023-10-20,6
202400000069,LiuLei,物理学院,C1014724,人工智能,4.0,2024-02,2022-10-29,16
202400000070,LiuTao,电子学院,C1030409,数据库系统,1.0,2022-09,2022-07-17,32
202400000071,ZhaoPeng,计算机学院,C1025292,人工智能,3.0,2024-02,2024-01-14,79
202400000072,ZhouWei,电子学院,C1031870,人工智能,3.0,2022-09,2023-02-12,75
202400000073,ChenWei,经济学院,C1017249,离散数学,1.0,2024-09,2024-02-11,72
202400000074,XuWei,外语学院,C1008486,人工智能,4.0,2024-09,2022-05-06,30
202400000075,LiQiang,经济学院,C1026339,离散数学,2.0,2022-09,2022-12-21,10
202400000076,ZhouMing,电子学院,C1008531,操作系统,2.0,2022-09,2023-12-12,34
202400000077,XuFang,电子学院,C1026739,编译原理,4.0,2024-02,2022-12-08,10
202400000078,LiuJun,经济学院,C1000507,数据结构,3.0,2022-09,2023-08-20,63
202400000079,WangNa,外语学院,C1013179,算法设计,1.0,2023-09,2024-10-02,96
202400000080,LiuTao,数学学院,C1022891,数据结构,3.0,2024-02,2024-07-06,20
202400000081,HuangFang,经济学院,C1002435,编译原理,3.0,2023-02,2023-05-12,34
202400000082,ZhangNa,计算机学院,C1026967,数据结构,2.0,2024-09,2023-07-23,49
202400000083,ZhaoPeng,经济学院,C1030073,计算机网络,1.0,2024-09,2023-09-29,15
202400000084,WangJun,电子学院,C1005214,数据库系统,3.0,2022-09,2022-03-07,51
202400000085,WangHua,物理学院,C1008247,操作系统,2.0,2022-09,2022-09-06,58
202400000086,ZhouLei,外语学院,C1012688,数据库系统,3.0,2022-09,2023-01-31,77
202400000087,ZhouNa,电子学院,C1021292,操作系统,4.0,2023-09,2023-04-25,73
202400000088,HuangFang,电子学院,C1032471,操作系统,1.0,2023-09,2023-05-19,6
202400000089,ChenJun,电子学院,C1011640,人工智能,2.0,2024-09,2024-05-12,78
202400000090,YangMing,物理学院,C1001887,计算机网络,4.0,2022-09,2024-09-24,0
202400000091,ChenLei,电子学院,C1029911,数据库系统,4.0,2023-02,2022-03-22,35
202400000092,ZhaoLei,经济学院,C1019783,数据结构,1.0,2023-09,2023-05-09,11
202400000093,LiuQiang,外语学院,C1020264,数据结构,2.0,2024-09,2022-05-10,67
202400000094,XuPeng,外语学院,C1030272,离散数学,4.0,2024-09,2023-09-21,33
202400000095,ChenLei,数学学院,C1025216,操作系统,3.0,2023-02,2022-01-09,7
202400000096,XuQiang,经济学院,C1012521,编译原理,4.0,2023-02,2023-10-26,29
202400000097,XuFang,外语学院,C1010499,数据库系统,1.0,2024-09,2022-07-23,70
202400000098,YangNa,经济学院,C1005385,数据库系统,1.0,2023-09,2023-03-21,69
202400000099,WangWei,经济学院,C1000760,人工智能,2.0,2023-02,2022-11-07,96
202400000000,LiuNa,外语学院,C1028735,离散数学,3.0,2022-09,2024-10-27,35
202400000001,LiMing,物理学院,C1031716,人工智能,2.0,2023-09,2023-10-10,70
202400000002,HuangPeng,外语学院,C1012785,离散数学,2.0,2023-09,2022-01-08,82
202400000003,ZhouQiang,电子学院,C1022917,算法设计,1.0,2024-02,2024-03-01,71
202400000004,XuMing,计算机学院,C1001351,计算机网络,4.0,2023-02,2024-07-31,11
202400000005,YangPeng,数学学院,C1025001,编译原理,2.0,2022-09,2022-12-23,3
202400000006,ZhaoTao,计算机学院,C1019671,计算机网络,2.0,2024-02,2023-01-13,60
202400000007,ZhangNa,物理学院,C1024911,数据结构,1.0,2024-02,2024-05-05,88
202400000008,ZhouWei,外语学院,C1018866,数据库系统,1.0,2024-09,2022-12-25,86
202400000009,ChenMing,经济学院,C1015908,编译原理,2.0,2022-09,2023-02-23,82
202400000010,ZhangPeng,经济学院,C1031275,算法设计,4.0,2024-02,2023-02-22,49
202400000011,HuangTao,电子学院,C1022933,数据库系统,2.0,2024-09,2023-08-02,90
202400000012,LiuPeng,数学学院,C1013881,算法设计,2.0,2022-09,2023-10-18,20
202400000013,WangWei,计算机学院,C1032654,编译原理,2.0,2022-09,2024-01-03,67
202400000014,ChenNa,经济学院,C1015912,算法设计,2.0,2023-02,2023-12-24,30
202400000015,ZhouFang,电子学院,C1010525,编译原理,3.0,2024-09,2023-11-08,1
202400000016,ZhangHua,数学学院,C1025815,人工智能,3.0,2024-02,2023-05-14,34
202400000017,HuangLei,物理学院,C1008308,算法设计,3.0,2024-02,2022-10-16,51
202400000018,ZhaoWei,电子学院,C1022707,算法设计,2.0,2023-02,2023-04-15,34
202400000019,WangHua,物理学院,C1022272,算法设计,3.0,2024-09,2023-08-17,72
202400000020,LiPeng,数学学院,C1024362,算法设计,2.0,2023-02,2022-09-01,97
202400000021,WangPeng,电子学院,C1020359,编译原理,1.0,2022-09,2022-12-16,39
202400000022,HuangJun,数学学院,C1011351,计算机网络,2.0,2023-02,2024-04-29,9
202400000023,ZhangMing,物理学院,C1011670,离散数学,1.0,2023-09,2024-11-11,68
202400000024,XuMing,外语学院,C1027914,数据库系统,1.0,2023-09,2024-02-17,12
202400000025,ChenWei,电子学院,C1006306,计算机网络,1.0,2022-09,2022-04-02,27
202400000026,XuPeng,物理学院,C1011137,编译原理,2.0,2023-09,2024-03-27,56
202400000027,ChenWei,经济学院,C1031906,算法设计,2.0,2023-02,2024-07-29,8
202400000028,ZhouMing,数学学院,C1032616,操作系统,3.0,2023-09,2022-02-11,39
202400000029,ZhaoPeng,数学学院,C1006938,算法设计,2.0,2022-09,2024-04-24,67
202400000030,YangLei,外语学院,C1002045,数据库系统,4.0,2022-09,2022-06-19,71
202400000031,LiHua,经济学院,C1009920,操作系统,1.0,2022-09,2024-08-14,56
202400000032,ZhouFang,电子学院,C1004970,算法设计,1.0,2022-09,2022-07-05,1
202400000033,ZhouTao,外语学院,C1006475,操作系统,1.0,2023-02,2023-06-09,77
202400000034,ZhangWei,外语学院,C1008370,操作系统,1.0,2023-09,2022-02-21,66
202400000035,LiMing,物理学院,C1026125,离散数学,4.0,2024-02,2022-07-03,30
202400000036,WangNa,经济学院,C1010693,编译原理,4.0,2024-02,2024-09-23,72
202400000037,XuFang,电子学院,C1028000,编译原理,3.0,2022-09,2024-02-22,37
202400000038,LiLei,计算机学院,C1027035,数据库系统,1.0,2022-09,2022-07-28,90
202400000039,LiPeng,数学学院,C1029717,编译原理,4.0,2024-02,2024-06-08,31
202400000040,YangJun,外语学院,C1011868,编译原理,2.0,2024-02,2022-05-27,86
202400000041,HuangNa,物理学院,C1012131,人工智能,2.0,2024-09,2023-01-03,71
202400000042,ZhaoLei,经济学院,C1018951,编译原理,1.0,2022-09,2022-05-11,36
202400000043,HuangPeng,物理学院,C1000259,计算机网络,3.0,2024-09,2023-04-14,1
202400000044,WangTao,物理学院,C1027672,人工智能,1.0,2023-02,2022-07-09,100
202400000045,YangQiang,电子学院,C1006278,计算机网络,3.0,2023-02,2022-12-21,24
202400000046,ZhangHua,物理学院,C1011538,操作系统,4.0,2023-02,2023-01-19,18
202400000047,ChenWei,物理学院,C1009733,数据结构,4.0,2023-02,2024-03-24,26
202400000048,XuPeng,经济学院,C1026887,编译原理,2.0,2022-09,2022-12-09,10
202400000049,YangJun,计算机学院,C1028593,数据库系统,3.0,2022-09,2024-09-21,18
202400000050,WangJun,计算机学院,C1016485,计算机网络,2.0,2024-09,2024-02-24,45
202400000051,WangQiang,物理学院,C1016126,算法设计,4.0,2023-09,2024-07-24,4
202400000052,LiuJun,经济学院,C1018105,离散数学,2.0,2022-09,2022-11-28,27
202400000053,LiuMing,数学学院,C1002894,编译原理,3.0,2024-02,2024-12-23,44
202400000054,ZhouQiang,物理学院,C1007467,数据结构,3.0,2023-02,2023-05-18,47
202400000055,HuangQiang,数学学院,C1022384,操作系统,2.0,2024-02,2024-02-07,54
202400000056,YangTao,数学学院,C1000727,计算机网络,2.0,2024-09,2022-05-17,96
202400000057,ZhouJun,物理学院,C1013394,人工智能,1.0,2024-09,2022-09-05,58
202400000058,LiWei,经济学院,C1022356,人工智能,2.0,2023-02,2022-06-09,84
202400000059,ZhangLei,电子学院,C1005802,离散数学,4.0,2023-02,2023-05-03,11
202400000060,WangPeng,经济学院,C1013318,人工智能,1.0,2023-09,2022-03-14,28
202400000061,WangTao,电子学院,C1030349,离散数学,4.0,2024-02,2023-08-30,1
202400000062,XuWei,物理学院,C1012047,操作系统,4.0,2022-09,2024-08-31,68
202400000063,ZhangNa,数学学院,C1022319,离散数学,4.0,2024-09,2023-10-09,55
202400000064,WangHua,物理学院,C1007933,算法设计,2.0,2024-02,2023-03-02,2
202400000065,WangHua,电子学院,C1010804,操作系统,3.0,2023-09,2022-09-03,33
202400000066,ZhouQiang,外语学院,C1024707,计算机网络,2.0,2022-09,2024-03-06,55
202400000067,HuangNa,物理学院,C1021863,计算机网络,4.0,2023-09,2022-11-25,61
202400000068,ZhouLei,电子学院,C1016354,人工智能,3.0,2022-09,2022-10-26,21
202400000069,ZhangPeng,计算机学院,C1017069,数据库系统,1.0,2023-09,2023-02-05,73
202400000070,YangFang,数学学院,C1019918,编译原理,4.0,2022-09,2024-08-29,74
202400000071,ZhouWei,计算机学院,C1008586,计算机网络,3.0,2023-02,2022-10-18,43
202400000072,ZhangTao,外语学院,C1009195,离散数学,4.0,2024-09,2023-12-14,11
202400000073,HuangWei,物理学院,C1011931,计算机网络,3.0,2022-09,2023-02-22,26
202400000074,LiuHua,物理学院,C1032577,数据库系统,2.0,2023-02,2024-09-10,81
202400000075,YangWei,物理学院,C1016586,离散数学,4.0,2024-09,2022-05-26,97
202400000076,WangMing,经济学院,C1012083,算法设计,4.0,2022-09,2022-01-21,57
202400000077,ZhangJun,外语学院,C1021803,计算机网络,3.0,2024-09,2023-03-05,47
202400000078,LiPeng,经济学院,C1013786,编译原理,1.0,2024-02,2024-02-11,5
202400000079,HuangHua,外语学院,C1010688,人工智能,3.0,2023-09,2024-01-21,0
202400000080,ChenHua,外语学院,C1010970,算法设计,1.0,2024-09,2024-11-24,88
202400000081,YangJun,电子学院,C1031902,数据库系统,4.0,2024-02,2024-10-23,51
202400000082,XuMing,数学学院,C1003075,数据库系统,2.0,2023-09,2023-12-26,52
202400000083,ZhaoPeng,经济学院,C1002075,离散数学,2.0,2022-09,2024-10-21,25
202400000084,ZhangLei,计算机学院,C1014177,算法设计,1.0,2022-09,2024-12-21,65
202400000085,YangLei,电子学院,C1009751,人工智能,3.0,2023-09,2024-10-17,57
202400000086,HuangMing,外语学院,C1024715,算法设计,1.0,2024-02,2022-12-05,37
202400000087,ChenWei,物理学院,C1029573,人工智能,4.0,2022-09,2023-06-13,23
202400000088,HuangTao,数学学院,C1032582,人工智能,4.0,2024-02,2023-02-07,56
202400000089,ZhaoMing,经济学院,C1010920,计算机网络,4.0,2023-02,2022-03-04,79
202400000090,LiNa,计算机学院,C1002019,离散数学,1.0,2024-09,2024-10-02,73
202400000091,ZhangHua,电子学院,C1001494,算法设计,1.0,2023-09,2023-01-10,42
202400000092,WangTao,数学学院,C1017884,数据库系统,3.0,2023-02,2024-08-10,83
202400000093,HuangNa,外语学院,C1009625,操作系统,4.0,2023-02,2024-05-10,42
202400000094,YangPeng,外语学院,C1032667,计算机网络,3.0,2023-09,2022-10-15,84
202400000095,ZhouPeng,数学学院,C1031869,编译原理,2.0,2022-09,2024-10-22,98
202400000096,LiuQiang,计算机学院,C1011886,离散数学,4.0,2023-02,2022-11-22,63
202400000097,LiuQiang,经济学院,C1030713,数据结构,2.0,2023-02,2022-03-26,78
202400000098,LiHua,电子学院,C1008220,数据结构,4.0,2022-09,2024-07-23,80
202400000099,ZhaoQiang,电子学院,C1020780,算法设计,2.0,2023-02,2022-11-25,52
202400000100,YangMing,计算机学院,C1022421,算法设计,4.0,2023-09,2022-01-04,40
202400000101,ZhouWei,数学学院,C1029032,人工智能,4.0,2023-09,2023-08-08,26
202400000102,YangFang,电子学院,C1002217,操作系统,3.0,2022-09,2024-11-01,58
202400000103,ChenJun,外语学院,C1030148,算法设计,1.0,2023-02,2023-10-06,38
202400000104,YangPeng,物理学院,C1009943,计算机网络,4.0,2024-02,2023-01-03,91
202400000105,ZhangQiang,数学学院,C1027172,数据库系统,4.0,2023-09,2024-04-10,46
202400000106,ZhouFang,物理学院,C1016785,编译原理,2.0,2022-09,2023-03-27,28
202400000107,ChenWei,数学学院,C1008065,计算机网络,4.0,2022-09,2023-06-16,48
202400000108,ZhaoFang,物理学院,C1024706,人工智能,3.0,2024-09,2023-12-23,42
202400000109,LiLei,数学学院,C1023123,编译原理,2.0,2023-09,2022-07-13,43
202400000110,HuangNa,经济学院,C1020663,操作系统,4.0,2024-02,2023-03-24,35
202400000111,ZhouPeng,电子学院,C1019816,操作系统,1.0,2024-09,2023-09-20,40
202400000112,LiuTao,外语学院,C1026568,操作系统,3.0,2023-02,2024-07-17,83
202400000113,XuJun,外语学院,C1014993,人工智能,4.0,2022-09,2022-03-14,76
202400000114,ZhangQiang,计算机学院,C1015430,编译原理,3.0,2024-09,2024-08-18,5
202400000115,ChenHua,外语学院,C1030190,人工智能,1.0,2024-02,2024-02-08,51
202400000116,LiTao,数学学院,C1017180,数据库系统,2.0,2024-09,2024-08-25,0
202400000117,ZhaoLei,计算机学院,C1014779,操作系统,3.0,2024-02,2022-06-16,23
202400000118,WangLei,数学学院,C1014254,人工智能,3.0,2023-09,2024-09-10,41
202400000119,ZhaoMing,外语学院,C1002027,编译原理,2.0,2022-09,2023-08-17,7
202400000120,XuWei,经济学院,C1016589,离散数学,3.0,2023-02,2024-09-16,91
202400000121,ZhangPeng,计算机学院,C1005115,人工智能,4.0,2024-02,2022-10-13,41
202400000122,XuQiang,外语学院,C1030435,数据结构,3.0,2023-02,2024-07-29,26
202400000123,ZhouFang,数学学院,C1010943,计算机网络,2.0,2023-09,2024-07-07,91
202400000124,LiPeng,电子学院,C1022498,数据结构,2.0,2022-09,2022-02-26,83
202400000125,LiQiang,数学学院,C1005909,数据库系统,3.0,2023-09,2022-09-16,82
202400000126,ZhangPeng,外语学院,C1025560,人工智能,3.0,2022-09,2022-01-08,50
202400000127,HuangHua,数学学院,C1027075,数据库系统,2.0,2022-09,2023-08-30,60
202400000128,ZhouLei,电子学院,C1008503,算法设计,1.0,2022-09,2023-04-25,79
202400000129,ZhaoWei,外语学院,C1008177,编译原理,3.0,2022-09,2023-01-31,19
202400000130,WangFang,电子学院,C1012855,编译原理,2.0,2022-09,2024-02-19,29
202400000131,ZhaoLei,计算机学院,C1014068,编译原理,1.0,2024-09,2022-08-25,12
202400000132,ZhouMing,计算机学院,C1001238,操作系统,3.0,2024-09,2024-03-22,88
202400000133,XuPeng,数学学院,C1007530,人工智能,3.0,2023-02,2022-08-13,63
202400000134,ChenHua,数学学院,C1003427,人工智能,2.0,2024-02,2023-12-11,39
202400000135,LiuMing,经济学院,C1028892,人工智能,1.0,2024-09,2023-10-24,2
202400000136,ZhaoTao,计算机学院,C1030616,人工智能,1.0,2022-09,2023-04-02,17
202400000137,ChenPeng,计算机学院,C1025687,操作系统,4.0,2023-09,2022-02-11,64
202400000138,ZhangTao,数学学院,C1023728,数据库系统,1.0,2023-09,2023-01-08,42
202400000139,HuangFang,计算机学院,C1022466,计算机网络,3.0,2023-09,2022-09-25,34
202400000140,LiuHua,数学学院,C1025853,算法设计,3.0,2024-02,2022-11-18,36
202400000141,YangFang,物理学院,C1024793,数据库系统,3.0,2023-02,2023-06-08,0
202400000142,LiuPeng,电子学院,C1023010,算法设计,4.0,2024-02,2022-05-07,31
202400000143,ZhaoWei,经济学院,C1007699,操作系统,1.0,2023-02,2024-06-04,41
202400000144,XuNa,电子学院,C1008521,编译原理,4.0,2024-02,2023-01-06,26
202400000145,ChenNa,经济学院,C1028900,数据库系统,1.0,2023-09,2022-07-01,74
202400000146,XuWei,物理学院,C1030181,计算机网络,1.0,2022-09,2024-12-06,90
202400000147,ZhangFang,外语学院,C1000017,数据结构,2.0,2022-09,2024-02-22,0
202400000148,ZhaoHua,计算机学院,C1032737,数据库系统,2.0,2024-09,2024-07-30,16
202400000149,ChenTao,数学学院,C1029713,算法设计,4.0,2023-02,2022-08-28,2
202400000150,LiuNa,计算机学院,C1018381,算法设计,1.0,2023-09,2024-12-30,97
202400000151,HuangTao,物理学院,C1003771,人工智能,1.0,2024-02,2023-11-25,34
202400000152,ZhaoMing,外语学院,C1027110,算法设计,1.0,2024-09,2023-06-14,38
202400000153,XuWei,计算机学院,C1023716,计算机网络,3.0,2022-09,2024-03-15,42
202400000154,ZhangWei,外语学院,C1000527,操作系统,1.0,2022-09,2022-09-15,8
202400000155,ZhaoMing,外语学院,C1006653,计算机网络,1.0,2023-02,2023-09-15,7
202400000156,LiFang,数学学院,C1004369,编译原理,1.0,2022-09,2022-05-03,10
202400000157,ZhangJun,物理学院,C1019929,数据库系统,1.0,2023-02,2024-01-27,49
202400000158,ZhaoHua,数学学院,C1010750,人工智能,2.0,2024-02,2023-03-12,25
202400000159,ZhaoHua,经济学院,C1026138,计算机网络,4.0,2024-02,2022-03-05,19
202400000160,ZhangJun,计算机学院,C1006863,编译原理,1.0,2023-02,2024-11-13,12
202400000161,HuangQiang,外语学院,C1004981,数据结构,2.0,2022-09,2024-01-14,59
202400000162,WangTao,数学学院,C1003465,数据结构,2.0,2023-09,2024-05-03,51
202400000163,ZhouQiang,数学学院,C1006231,人工智能,1.0,2022-09,2023-06-02,60
202400000164,XuFang,物理学院,C1024477,数据库系统,2.0,2023-09,2023-12-23,83
202400000165,ZhaoTao,外语学院,C1032394,数据库系统,3.0,2023-09,2023-02-19,46
202400000166,LiuTao,经济学院,C1013108,算法设计,4.0,2022-09,2022-12-13,14
202400000167,ChenJun,电子学院,C1001770,人工智能,4.0,2024-02,2023-05-24,80
202400000168,ZhaoPeng,经济学院,C1006822,数据库系统,4.0,2022-09,2023-05-14,3
202400000169,ZhaoMing,数学学院,C1029579,计算机网络,4.0,2024-02,2023-06-17,97
202400000170,XuQiang,外语学院,C1016470,编译原理,2.0,2024-09,2024-10-01,87
202400000171,HuangMing,外语学院,C1022563,数据结构,1.0,2023-02,2023-02-26,66
202400000172,WangFang,外语学院,C1009628,人工智能,4.0,2022-09,2022-04-12,12
202400000173,LiuHua,电子学院,C1013714,算法设计,4.0,2024-02,2023-05-07,90
202400000174,ZhaoTao,物理学院,C1004499,人工智能,3.0,2024-02,2023-11-07,40
202400000175,ZhouHua,计算机学院,C1007386,人工智能,4.0,2022-09,2023-09-21,89
202400000176,YangQiang,经济学院,C1007382,数据结构,1.0,2024-09,2022-08-29,16
202400000177,ChenFang,外语学院,C1015086,计算机网络,3.0,2023-09,2022-02-02,18
202400000178,LiuLei,数学学院,C1000409,计算机网络,1.0,2022-09,2023-03-01,61
202400000179,HuangTao,电子学院,C1021018,人工智能,3.0,2023-02,2024-03-04,29
202400000180,HuangWei,计算机学院,C1001960,编译原理,1.0,2023-09,2022-12-04,56
202400000181,ZhouLei,经济学院,C1005873,操作系统,1.0,2023-02,2023-05-02,90
202400000182,XuLei,外语学院,C1006688,数据结构,3.0,2023-02,2022-06-01,50
202400000183,XuLei,计算机学院,C1030221,数据库系统,3.0,2024-09,2024-01-21,32
202400000184,ZhaoWei,物理学院,C1024840,人工智能,3.0,2024-02,2024-12-15,33
202400000185,ZhaoWei,外语学院,C1017657,人工智能,2.0,2023-02,2024-12-20,24
202400000186,ZhangPeng,物理学院,C1011037,数据库系统,1.0,2022-09,2022-05-12,84
202400000187,HuangJun,计算机学院,C1007208,数据库系统,4.0,2022-09,2023-04-27,12
202400000188,HuangPeng,外语学院,C1007263,操作系统,1.0,2024-09,2022-05-09,43
202400000189,HuangHua,物理学院,C1024766,数据库系统,2.0,2022-09,2022-06-15,56
202400000190,WangHua,物理学院,C1001094,操作系统,2.0,2022-09,2023-07-17,3
202400000191,LiuWei,物理学院,C1011416,计算机网络,4.0,2024-02,2023-11-21,39
202400000192,LiWei,计算机学院,C1000685,数据结构,1.0,2023-02,2022-03-28,56
202400000193,ChenTao,经济学院,C1006108,操作系统,3.0,2023-02,2022-04-08,55
202400000194,YangLei,计算机学院,C1019661,计算机网络,3.0,2024-09,2024-07-23,94
202400000195,WangFang,外语学院,C1015084,离散数学,3.0,2023-09,2023-04-01,75
202400000196,LiuMing,数学学院,C1000994,算法设计,3.0,2023-09,2024-04-08,64
202400000197,YangPeng,物理学院,C1024737,编译原理,1.0,2024-09,2023-10-09,35
202400000198,ZhangJun,物理学院,C1013654,数据库系统,3.0,2023-09,2023-02-03,96
202400000199,ZhouPeng,物理学院,C1008198,算法设计,4.0,2024-09,2023-04-25,84
202400000200,ZhaoJun,数学学院,C1022650,操作系统,1.0,2023-02,2023-11-20,81
202400000201,ZhaoPeng,外语学院,C1016921,离散数学,4.0,2023-09,2023-07-27,27
202400000202,ZhangMing,物理学院,C1000058,算法设计,3.0,2023-02,2023-07-17,85
202400000203,YangLei,计算机学院,C1017213,数据库系统,3.0,2024-09,2024-06-01,37
202400000204,ZhangHua,物理学院,C1003928,数据库系统,1.0,2024-09,2024-09-28,92
202400000205,ZhouHua,电子学院,C1014680,数据结构,3.0,2023-02,2024-05-31,50
202400000206,HuangMing,数学学院,C1007169,数据结构,4.0,2023-02,2024-01-05,4
202400000207,HuangMing,外语学院,C1016085,离散数学,1.0,2023-02,2024-05-18,37
202400000208,WangPeng,经济学院,C1025573,操作系统,2.0,2023-09,2023-11-25,78
202400000209,ZhangHua,物理学院,C1002056,数据库系统,4.0,2023-09,2024-12-25,100
202400000210,ZhangNa,数学学院,C1019482,数据库系统,1.0,2024-09,2024-02-06,16
202400000211,ZhouWei,数学学院,C1019362,离散数学,3.0,2024-09,2024-04-24,15
202400000212,ZhangWei,计算机学院,C1030826,操作系统,2.0,2022-09,2024-08-01,39
202400000213,ChenLei,数学学院,C1030772,离散数学,4.0,2022-09,2023-07-04,6
202400000214,ZhouHua,计算机学院,C1007134,操作系统,1.0,2024-09,2023-10-27,1
202400000215,LiuLei,数学学院,C1008184,计算机网络,2.0,2024-02,2024-02-02,44
202400000216,XuTao,经济学院,C1020651,编译原理,4.0,2022-09,2023-08-10,68
202400000217,XuPeng,物理学院,C1024917,计算机网络,1.0,2024-09,2024-02-26,48
202400000218,HuangMing,数学学院,C1006085,编译原理,4.0,2024-02,2023-02-14,47
202400000219,WangTao,物理学院,C1011735,人工智能,3.0,2022-09,2022-11-07,85
202400000220,LiJun,计算机学院,C1010437,人工智能,2.0,2023-09,2024-02-16,2
202400000221,YangLei,经济学院,C1031387,计算机网络,1.0,2023-02,2024-10-28,24
202400000222,HuangLei,计算机学院,C1002280,离散数学,1.0,2022-09,2023-06-04,72
202400000223,XuPeng,电子学院,C1027733,计算机网络,3.0,2024-09,2024-05-10,81
202400000224,LiHua,物理学院,C1001099,人工智能,4.0,2024-02,2023-07-24,12
202400000225,ZhaoQiang,计算机学院,C1018046,数据结构,2.0,2024-09,2024-07-27,58
202400000226,HuangFang,外语学院,C1011961,计算机网络,1.0,2023-02,2022-12-09,80
202400000227,WangTao,物理学院,C1006221,离散数学,2.0,2023-09,2024-07-07,59
202400000228,ZhangTao,电子学院,C1004509,计算机网络,2.0,2022-09,2024-11-09,47
202400000229,LiHua,经济学院,C1009094,算法设计,3.0,2024-09,2024-01-12,12
202400000230,ChenFang,外语学院,C1013055,算法设计,2.0,2022-09,2022-10-30,53
202400000231,LiQiang,计算机学院,C1006215,操作系统,1.0,2023-02,2024-02-15,99
202400000232,ZhangNa,电子学院,C1015754,离散数学,3.0,2024-09,2024-11-23,11
202400000233,HuangFang,经济学院,C1020056,数据结构,4.0,2022-09,2022-09-10,67
202400000234,ChenJun,外语学院,C1021525,离散数学,3.0,2024-09,2024-10-02,29
202400000235,ZhouWei,外语学院,C1028584,算法设计,3.0,2024-02,2023-09-05,87
202400000236,ZhangHua,电子学院,C1004903,算法设计,3.0,2024-09,2024-11-01,56
202400000237,ChenNa,经济学院,C1024834,离散数学,1.0,2024-09,2022-08-02,45
202400000238,XuWei,计算机学院,C1000356,操作系统,2.0,2023-09,2022-04-14,43
202400000239,LiLei,外语学院,C1027932,算法设计,4.0,2023-02,2024-03-26,14
202400000240,YangJun,外语学院,C1017391,计算机网络,3.0,2023-09,2022-09-24,48
202400000241,ChenWei,经济学院,C1007049,人工智能,3.0,2022-09,2024-09-08,97
202400000242,LiJun,数学学院,C1026143,离散数学,3.0,2024-02,2022-11-14,44
202400000243,ZhouTao,电子学院,C1000065,算法设计,3.0,2023-09,2022-06-18,99
202400000244,LiMing,数学学院,C1029725,离散数学,2.0,2023-02,2022-03-04,4
202400000245,ZhouFang,经济学院,C1000433,编译原理,4.0,2022-09,2022-11-09,42
202400000246,YangLei,电子学院,C1007743,数据结构,3.0,2023-02,2022-01-12,56
202400000247,LiuQiang,物理学院,C1025237,数据库系统,2.0,2024-02,2023-03-23,83
202400000248,LiMing,电子学院,C1010055,操作系统,2.0,2023-09,2022-07-01,58
202400000249,WangFang,外语学院,C1006669,离散数学,4.0,2022-09,2022-06-17,5
202400000250,ZhaoQiang,经济学院,C1004544,离散数学,3.0,2022-09,2022-05-26,67
202400000251,HuangMing,电子学院,C1032675,数据库系统,4.0,2023-02,2024-12-16,81
202400000252,LiHua,计算机学院,C1026940,计算机网络,3.0,2022-09,2024-04-11,47
202400000253,XuQiang,电子学院,C1023112,离散数学,4.0,2022-09,2023-07-23,15
202400000254,LiuHua,电子学院,C1012828,数据结构,2.0,2024-02,2022-10-03,85
202400000255,XuPeng,物理学院,C1018539,数据库系统,4.0,2024-02,2024-09-25,77
202400000256,XuHua,经济学院,C1003872,离散数学,4.0,2022-09,2023-10-22,9
202400000257,ZhangJun,物理学院,C1003251,编译原理,2.0,2023-09,2022-12-07,32
202400000258,ZhangWei,经济学院,C1005637,数据结构,4.0,2024-09,2024-04-17,17
202400000259,WangFang,经济学院,C1024080,离散数学,2.0,2024-02,2023-06-18,20
202400000260,WangMing,物理学院,C1011463,人工智能,4.0,2022-09,2023-08-20,80
202400000261,LiuQiang,经济学院,C1015121,操作系统,2.0,2024-02,2022-05-30,87
202400000262,LiHua,外语学院,C1012135,人工智能,2.0,2023-09,2023-05-09,2
202400000263,WangNa,外语学院,C1016326,编译原理,1.0,2024-02,2022-08-17,53
202400000264,LiLei,外语学院,C1006735,人工智能,3.0,2022-09,2024-09-18,68
202400000265,ZhouNa,计算机学院,C1027296,编译原理,4.0,2022-09,2022-12-25,15
202400000266,WangLei,外语学院,C1006046,离散数学,2.0,2024-02,2023-06-29,49
202400000267,ZhaoNa,物理学院,C1026620,计算机网络,4.0,2022-09,2024-06-21,49
202400000268,ZhouLei,外语学院,C1009731,操作系统,1.0,2023-02,2023-02-06,8
202400000269,ChenFang,数学学院,C1013672,操作系统,1.0,2023-02,2023-04-20,31
202400000270,XuHua,计算机学院,C1011765,操作系统,3.0,2023-09,2023-11-20,58
202400000271,HuangWei,电子学院,C1001222,人工智能,1.0,2023-09,2022-10-02,15
202400000272,ZhangWei,电子学院,C1020077,操作系统,2.0,2024-02,2023-03-16,48
202400000273,LiuLei,计算机学院,C1003273,数据库系统,3.0,2022-09,2023-01-30,47
202400000274,ZhaoPeng,数学学院,C1001121,人工智能,1.0,2022-09,2024-01-12,91
202400000275,ZhouHua,经济学院,C1014222,编译原理,1.0,2022-09,2023-05-15,41
202400000276,HuangPeng,数学学院,C1008378,离散数学,4.0,2023-09,2024-01-25,54
202400000277,ZhaoMing,电子学院,C1012608,编译原理,4.0,2024-02,2023-09-24,66
202400000278,ZhaoTao,外语学院,C1022141,数据库系统,1.0,2024-09,2024-01-09,45
202400000279,ZhangHua,经济学院,C1002045,离散数学,1.0,2024-02,2022-12-08,63
202400000280,WangQiang,物理学院,C1005972,计算机网络,1.0,2022-09,2024-02-20,33
202400000281,ZhouHua,物理学院,C1011131,数据库系统,2.0,2022-09,2023-02-01,63
202400000282,LiTao,物理学院,C1001734,计算机网络,1.0,2022-09,2023-12-18,52
202400000283,ZhangLei,计算机学院,C1030244,操作系统,1.0,2024-09,2023-11-09,39
202400000284,WangWei,计算机学院,C1005306,人工智能,1.0,2024-02,2024-02-27,50
202400000285,YangMing,经济学院,C1021150,算法设计,1.0,2022-09,2024-11-06,13
202400000286,HuangFang,物理学院,C1024088,编译原理,1.0,2024-02,2022-02-16,89
202400000287,ZhangMing,计算机学院,C1022512,算法设计,4.0,2022-09,2023-06-23,17
202400000288,XuMing,外语学院,C1022180,计算机网络,2.0,2023-02,2024-05-12,45
202400000289,ZhangMing,经济学院,C1011220,数据结构,4.0,2023-09,2024-09-25,47
202400000290,LiuFang,电子学院,C1002410,算法设计,4.0,2022-09,2022-04-23,89
202400000291,ZhouTao,物理学院,C1028110,人工智能,3.0,2023-09,2022-10-08,89
202400000292,ZhangJun,电子学院,C1032086,离散数学,4.0,2023-09,2024-01-19,46
202400000293,ZhouWei,电子学院,C1012058,计算机网络,1.0,2022-09,2022-11-02,33
202400000294,LiuFang,外语学院,C1004551,计算机网络,1.0,2022-09,2022-10-04,42
202400000295,ZhouLei,数学学院,C1023195,离散数学,2.0,2023-09,2022-09-23,3
202400000296,ZhangNa,外语学院,C1000834,离散数学,4.0,2024-02,2024-01-13,49
202400000297,HuangHua,计算机学院,C1015689,离散数学,3.0,2023-02,2023-12-15,78
202400000298,ZhaoTao,物理学院,C1019086,数据库系统,1.0,2024-02,2022-11-11,97
202400000299,ZhouMing,外语学院,C1027344,人工智能,3.0,2024-02,2023-10-03,35
202400000300,ZhangMing,物理学院,C1016610,计算机网络,4.0,2024-02,2022-10-26,10
202400000301,ZhouNa,物理学院,C1021347,离散数学,1.0,2022-09,2024-08-15,22
202400000302,XuPeng,电子学院,C1029164,数据结构,2.0,2024-09,2023-10-17,87
202400000303,YangNa,计算机学院,C1022252,编译原理,1.0,2024-09,2024-03-22,37
202400000304,ZhouFang,物理学院,C1022741,离散数学,2.0,2022-09,2024-01-27,53
202400000305,WangLei,数学学院,C1018208,计算机网络,1.0,2022-09,2023-12-25,37
202400000306,YangFang,外语学院,C1032663,人工智能,1.0,2023-02,2024-01-24,13
202400000307,HuangMing,电子学院,C1027939,操作系统,4.0,2024-09,2022-04-13,55
202400000308,LiuJun,计算机学院,C1010297,操作系统,1.0,2022-09,2023-02-10,7
202400000309,LiTao,外语学院,C1006330,人工智能,1.0,2023-09,2022-02-26,74
202400000310,XuMing,经济学院,C1024014,编译原理,3.0,2024-02,2024-08-22,20
202400000311,WangTao,外语学院,C1020038,编译原理,1.0,2022-09,2023-04-27,23
202400000312,HuangLei,经济学院,C1005962,离散数学,2.0,2024-02,2024-12-25,62
202400000313,ZhangPeng,经济学院,C1009718,离散数学,1.0,2024-02,2023-04-03,62
202400000314,XuLei,数学学院,C1002190,编译原理,1.0,2022-09,2022-01-06,46
202400000315,HuangMing,电子学院,C1010738,操作系统,1.0,2022-09,2024-09-01,59
202400000316,WangWei,外语学院,C1026169,操作系统,3.0,2024-02,2024-09-11,7
202400000317,YangQiang,经济学院,C1019060,数据结构,1.0,2022-09,2022-08-22,29
202400000318,YangMing,电子学院,C1020247,编译原理,2.0,2023-09,2023-06-18,56
202400000319,XuNa,数学学院,C1009725,人工智能,2.0,2023-09,2023-09-08,19
202400000320,ZhaoMing,电子学院,C1021071,操作系统,4.0,2022-09,2023-12-15,30
202400000321,ZhaoWei,数学学院,C1014648,操作系统,4.0,2023-09,2022-12-27,48
202400000322,ZhangHua,经济学院,C1013216,离散数学,2.0,2022-09,2024-07-04,76
202400000323,XuLei,经济学院,C1023839,编译原理,2.0,2023-02,2024-02-08,57
202400000324,LiuFang,数学学院,C1012099,离散数学,3.0,2024-09,2022-08-31,31
202400000325,LiuTao,物理学院,C1007034,数据结构,2.0,2022-09,2023-08-13,80
202400000326,LiuQiang,电子学院,C1009559,离散数学,4.0,2022-09,2022-09-12,96
202400000327,HuangWei,计算机学院,C1008414,数据结构,3.0,2024-09,2024-10-23,74
202400000328,XuHua,计算机学院,C1020697,离散数学,3.0,2023-02,2023-11-17,68
202400000329,LiWei,外语学院,C1016556,算法设计,2.0,2024-09,2024-09-16,60
202400000330,ZhangQiang,计算机学院,C1004253,数据库系统,2.0,2024-09,2022-02-06,29
202400000331,ZhangQiang,物理学院,C1027326,数据结构,2.0,2024-02,2022-12-04,4
202400000332,ZhouQiang,电子学院,C1024766,离散数学,4.0,2024-02,2024-06-24,18
202400000333,LiJun,物理学院,C1027594,离散数学,3.0,2023-02,2023-03-10,24
202400000334,LiMing,电子学院,C1000384,离散数学,3.0,2023-02,2022-01-25,90
202400000335,ZhaoJun,物理学院,C1010407,数据结构,3.0,2022-09,2022-06-27,34
202400000336,WangPeng,经济学院,C1031905,算法设计,1.0,2024-09,2024-03-12,66
202400000337,ZhouQiang,计算机学院,C1002535,数据库系统,1.0,2022-09,2022-10-28,98
202400000338,ZhaoNa,数学学院,C1021626,操作系统,2.0,2024-02,2024-09-17,78
202400000339,HuangNa,经济学院,C1020630,操作系统,1.0,2024-09,2024-12-27,41
202400000340,ZhangMing,电子学院,C1014483,算法设计,4.0,2023-09,2023-05-26,76
202400000341,ChenFang,电子学院,C1024054,数据结构,3.0,2022-09,2022-04-22,98
202400000342,LiuMing,计算机学院,C1012650,数据库系统,2.0,2023-02,2024-10-01,86
202400000343,XuQiang,电子学院,C1026504,人工智能,2.0,2024-02,2022-11-08,63
202400000344,ChenHua,电子学院,C1024993,计算机网络,1.0,2023-02,2023-12-30,13
202400000345,LiuJun,外语学院,C1028118,算法设计,3.0,2022-09,2022-07-14,18
202400000346,LiFang,外语学院,C1019665,数据结构,1.0,2023-09,2024-12-04,63
202400000347,LiuNa,电子学院,C1026533,计算机网络,1.0,2024-02,2023-06-23,5
202400000348,WangWei,外语学院,C1007344,编译原理,2.0,2023-09,2022-05-19,33
202400000349,ZhangWei,计算机学院,C1015522,数据库系统,4.0,2023-02,2022-09-11,98
202400000350,ZhaoPeng,计算机学院,C1011087,操作系统,1.0,2024-09,2022-11-08,51
202400000351,WangLei,物理学院,C1012714,操作系统,2.0,2023-09,2023-09-07,44
202400000352,HuangNa,电子学院,C1015769,计算机网络,2.0,2023-02,2023-07-09,14
202400000353,ZhaoHua,电子学院,C1007736,数据结构,2.0,2022-09,2022-11-05,8
202400000354,ZhouFang,经济学院,C1025438,数据结构,4.0,2024-02,2022-05-09,35
202400000355,YangQiang,外语学院,C1030107,数据库系统,2.0,2023-09,2023-11-13,67
202400000356,WangWei,经济学院,C1029319,算法设计,1.0,2024-09,2022-10-19,73
202400000357,LiTao,经济学院,C1012296,算法设计,3.0,2023-02,2023-06-02,95
202400000358,ChenPeng,数学学院,C1006478,编译原理,3.0,2023-09,2024-06-05,77
202400000359,XuPeng,计算机学院,C1016039,离散数学,1.0,2023-09,2024-07-06,92
202400000360,XuFang,数学学院,C1008078,操作系统,3.0,2024-09,2024-02-04,17
202400000361,ZhouLei,计算机学院,C1017184,人工智能,1.0,2022-09,2024-03-06,72
202400000362,XuJun,物理学院,C1012674,离散数学,2.0,2023-02,2022-06-24,62
202400000363,LiTao,计算机学院,C1003676,离散数学,4.0,2024-02,2022-01-11,55
202400000364,WangNa,数学学院,C1001677,离散数学,4.0,2023-09,2024-08-25,33
202400000365,ZhaoQiang,电子学院,C1017270,计算机网络,1.0,2024-09,2024-03-14,0
202400000366,ChenQiang,计算机学院,C1029930,编译原理,2.0,2024-09,2022-05-10,23
202400000367,ChenFang,经济学院,C1013068,数据结构,3.0,2024-09,2023-02-18,1
202400000368,LiTao,电子学院,C1005959,离散数学,3.0,2024-02,2023-05-10,57
202400000369,YangMing,外语学院,C1026741,人工智能,3.0,2023-02,2022-07-02,77
202400000370,ChenNa,计算机学院,C1009154,离散数学,3.0,2023-02,2023-12-07,2
202400000371,HuangMing,计算机学院,C1017792,算法设计,2.0,2023-09,2024-08-22,26
202400000372,XuTao,数学学院,C1000958,操作系统,2.0,2023-09,2023-04-02,18
202400000373,LiWei,电子学院,C1015052,数据库系统,1.0,2023-09,2022-01-28,83
202400000374,ChenHua,物理学院,C1012938,离散数学,4.0,2024-09,2023-09-27,68
202400000375,YangQiang,经济学院,C1031197,计算机网络,2.0,2023-09,2024-11-23,51
202400000376,ZhangMing,计算机学院,C1029905,操作系统,1.0,2024-09,2024-05-05,81
202400000377,ZhaoHua,物理学院,C1015220,数据结构,1.0,2023-02,2023-02-27,94
202400000378,WangJun,数学学院,C1011590,数据库系统,4.0,2022-09,2022-11-26,17
202400000379,ZhaoMing,物理学院,C1012245,编译原理,4.0,2024-02,2023-05-07,50
202400000380,LiuHua,外语学院,C1031510,数据结构,1.0,2024-02,2024-06-02,17
202400000381,ZhouQiang,数学学院,C1014336,编译原理,1.0,2024-09,2023-06-02,33
202400000382,LiuFang,物理学院,C1031992,数据结构,2.0,2024-02,2023-12-31,62
202400000383,WangPeng,外语学院,C1028175,算法设计,4.0,2023-02,2024-03-12,93
202400000384,ZhangLei,物理学院,C1006138,人工智能,3.0,2023-02,2024-01-02,48
202400000385,LiTao,物理学院,C1006187,编译原理,2.0,2022-09,2024-09-04,93
202400000386,ZhaoQiang,数学学院,C1002908,离散数学,3.0,2023-02,2022-11-04,52
202400000387,YangWei,电子学院,C1013529,计算机网络,4.0,2022-09,2024-05-10,99
202400000388,ZhangFang,数学学院,C1031512,离散数学,1.0,2024-02,2022-02-17,50
202400000389,LiWei,物理学院,C1012444,算法设计,1.0,2023-02,2024-03-01,11
202400000390,ZhangTao,计算机学院,C1000229,算法设计,3.0,2023-09,2024-02-07,36
202400000391,LiNa,外语学院,C1021518,编译原理,2.0,2023-02,2023-03-04,11
202400000392,ZhaoNa,物理学院,C1020440,算法设计,1.0,2024-09,2022-07-13,92
202400000393,LiHua,物理学院,C1026365,数据库系统,4.0,2023-09,2024-03-26,72
202400000394,ZhaoNa,计算机学院,C1006389,数据结构,1.0,2024-09,2023-03-29,67
202400000395,XuWei,数学学院,C1012355,算法设计,2.0,2024-09,2024-12-23,61
202400000396,WangJun,计算机学院,C1014153,算法设计,4.0,2023-02,2024-02-04,49
202400000397,ZhouLei,计算机学院,C1013117,操作系统,1.0,2024-09,2024-03-27,63
202400000398,ChenTao,外语学院,C1018529,数据库系统,3.0,2024-09,2023-09-14,20
202400000399,ZhangTao,经济学院,C1009014,算法设计,2.0,2024-09,2024-08-20,76
202400000400,LiuQiang,外语学院,C1019009,计算机网络,1.0,2024-02,2022-10-07,23
202400000401,ZhouNa,电子学院,C1018979,算法设计,2.0,2022-09,2024-03-17,12
202400000402,WangNa,数学学院,C1012838,人工智能,2.0,2023-09,2023-06-21,69
202400000403,ZhaoTao,外语学院,C1025465,数据库系统,2.0,2024-02,2024-01-02,42
202400000404,ZhangMing,经济学院,C1016308,数据结构,2.0,2024-09,2023-01-05,27
202400000405,XuQiang,物理学院,C1032020,离散数学,1.0,2024-02,2023-11-26,10
202400000406,ZhangLei,物理学院,C1009829,数据结构,2.0,2024-02,2024-11-24,74
202400000407,ChenQiang,物理学院,C1008028,数据结构,3.0,2024-02,2023-10-14,11
202400000408,ZhaoWei,外语学院,C1004946,编译原理,3.0,2023-02,2022-04-28,85
202400000409,HuangQiang,计算机学院,C1006951,编译原理,3.0,2024-02,2024-07-03,38
202400000410,WangMing,电子学院,C1010150,离散数学,2.0,2023-09,2022-12-24,42
202400000411,YangPeng,数学学院,C1014105,计算机网络,2.0,2023-02,2023-07-11,40
202400000412,LiuHua,电子学院,C1018533,算法设计,1.0,2024-02,2024-07-02,99
202400000413,XuFang,外语学院,C1024423,人工智能,2.0,2023-02,2024-02-27,21
202400000414,ZhaoJun,物理学院,C1012876,计算机网络,1.0,2022-09,2023-01-14,70
202400000415,XuTao,计算机学院,C1016964,离散数学,1.0,2024-09,2023-11-01,99
202400000416,YangMing,经济学院,C1009450,编译原理,4.0,2024-02,2024-12-18,6
202400000417,XuNa,数学学院,C1014441,操作系统,3.0,2023-02,2024-06-07,13
202400000418,ZhouNa,电子学院,C1016980,编译原理,3.0,2024-09,2024-08-01,43
202400000419,ZhangNa,数学学院,C1019571,离散数学,3.0,2024-02,2022-07-07,78
202400000420,YangMing,数学学院,C1000240,数据结构,4.0,2022-09,2024-02-27,38
202400000421,HuangTao,电子学院,C1029967,计算机网络,4.0,2022-09,2023-06-25,49
202400000422,YangJun,数学学院,C1021331,编译原理,2.0,2022-09,2023-08-24,94
202400000423,ZhouJun,外语学院,C1029994,计算机网络,1.0,2022-09,2022-02-20,29
202400000424,HuangHua,经济学院,C1001582,离散数学,1.0,2024-02,2023-11-28,80
202400000425,ZhaoHua,外语学院,C1008860,编译原理,3.0,2024-09,2023-11-01,74
202400000426,ChenPeng,经济学院,C1022191,编译原理,4.0,2022-09,2022-02-15,20
202400000427,ZhaoMing,外语学院,C1024330,人工智能,3.0,2023-02,2022-10-08,2
202400000428,XuJun,经济学院,C1031721,算法设计,1.0,2024-02,2022-09-13,5
202400000429,ZhangMing,物理学院,C1010233,计算机网络,3.0,2024-09,2022-07-15,94
202400000430,XuJun,电子学院,C1023582,数据结构,3.0,2022-09,2024-06-17,53
202400000431,YangPeng,物理学院,C1006716,编译原理,3.0,2024-02,2024-07-17,67
202400000432,ZhaoTao,物理学院,C1031494,数据库系统,3.0,2022-09,2023-12-28,31
202400000433,LiFang,经济学院,C1027207,数据库系统,4.0,2022-09,2024-03-29,44
202400000434,WangFang,物理学院,C1026718,数据结构,2.0,2022-09,2023-04-26,69
202400000435,YangQiang,电子学院,C1030233,编译原理,2.0,2024-09,2022-06-27,53
202400000436,YangMing,数学学院,C1009835,操作系统,1.0,2023-09,2024-05-11,57
202400000437,WangFang,电子学院,C1001703,算法设计,1.0,2023-09,2022-12-20,76
202400000438,LiuPeng,物理学院,C1013876,人工智能,1.0,2024-09,2024-04-13,46
202400000439,WangWei,物理学院,C1026140,操作系统,1.0,2022-09,2024-12-05,86
202400000440,ZhaoHua,数学学院,C1017308,编译原理,2.0,2024-02,2024-01-27,69
202400000441,HuangTao,物理学院,C1027975,计算机网络,4.0,2024-02,2023-05-15,20
202400000442,HuangFang,外语学院,C1023976,算法设计,2.0,2023-09,2023-06-06,11
202400000443,WangLei,计算机学院,C1026122,数据结构,3.0,2023-09,2024-03-22,76
202400000444,ZhouPeng,计算机学院,C1020372,离散数学,1.0,2023-02,2022-02-07,76
202400000445,HuangWei,数学学院,C1027054,人工智能,1.0,2023-09,2024-07-25,39
202400000446,ZhouWei,物理学院,C1007552,离散数学,2.0,2023-02,2024-03-04,79
202400000447,ZhaoTao,电子学院,C1002400,数据库系统,4.0,2023-02,2022-12-17,89
202400000448,ChenFang,物理学院,C1027618,离散数学,1.0,2022-09,2023-10-25,45
202400000449,WangJun,外语学院,C1025674,计算机网络,3.0,2024-09,2022-06-29,96
202400000450,LiuHua,数学学院,C1017148,操作系统,1.0,2023-02,2024-12-28,80
202400000451,WangHua,数学学院,C1008703,算法设计,3.0,2024-02,2023-02-12,10
202400000452,ZhaoTao,物理学院,C1016389,离散数学,1.0,2023-09,2024-08-28,44
202400000453,LiPeng,外语学院,C1026936,算法设计,4.0,2023-02,2023-06-23,45
202400000454,WangLei,计算机学院,C1027601,离散数学,2.0,2023-09,2024-05-22,61
202400000455,LiPeng,数学学院,C1010772,编译原理,3.0,2024-09,2022-05-08,28
202400000456,ChenNa,外语学院,C1011018,数据库系统,2.0,2024-09,2022-07-25,72
202400000457,HuangFang,外语学院,C1016468,计算机网络,1.0,2024-02,2023-12-20,84
202400000458,YangJun,物理学院,C1007784,人工智能,1.0,2022-09,2022-01-29,57
202400000459,LiuWei,经济学院,C1023883,人工智能,3.0,2024-02,2022-03-08,39
202400000460,LiuWei,计算机学院,C1024933,数据结构,3.0,2024-09,2022-09-27,91
202400000461,ZhaoHua,外语学院,C1008833,离散数学,1.0,2022-09,2023-11-17,86
202400000462,YangNa,经济学院,C1029785,算法设计,4.0,2024-09,2022-03-19,60
202400000463,LiuJun,经济学院,C1011573,计算机网络,2.0,2023-09,2024-08-30,41
202400000464,ZhouWei,外语学院,C1021262,数据库系统,4.0,2024-09,2022-05-16,61
202400000465,ChenPeng,物理学院,C1022587,编译原理,3.0,2023-09,2022-05-11,15
202400000466,YangMing,外语学院,C1021283,算法设计,3.0,2024-09,2022-05-09,43
202400000467,HuangLei,物理学院,C1031991,数据库系统,4.0,2023-09,2024-04-15,6
202400000468,XuFang,数学学院,C1030173,算法设计,3.0,2024-09,2023-07-09,37
202400000469,ZhaoNa,电子学院,C1019804,计算机网络,2.0,2023-02,2023-03-10,66
202400000470,ZhouMing,电子学院,C1028463,计算机网络,3.0,2024-09,2022-10-10,67
202400000471,LiTao,计算机学院,C1020534,算法设计,2.0,2022-09,2024-06-22,38
202400000472,LiuQiang,外语学院,C1020519,数据库系统,3.0,2022-09,2023-12-22,81
202400000473,ZhaoHua,数学学院,C1026157,人工智能,2.0,2023-09,2024-08-13,53
202400000474,YangFang,计算机学院,C1005381,数据结构,2.0,2024-09,2022-02-22,74
202400000475,XuPeng,电子学院,C1022848,离散数学,4.0,2023-09,2023-10-15,32
202400000476,ZhangPeng,电子学院,C1024475,操作系统,2.0,2023-09,2022-05-12,27
202400000477,YangMing,物理学院,C1008622,编译原理,3.0,2023-09,2023-08-15,65
202400000478,ChenMing,计算机学院,C1029902,数据结构,2.0,2023-02,2024-01-11,75
202400000479,WangTao,计算机学院,C1004733,数据结构,2.0,2024-02,2022-10-03,37
202400000480,ZhangPeng,计算机学院,C1014424,数据库系统,1.0,2024-02,2023-08-28,80
202400000481,LiTao,计算机学院,C1021799,计算机网络,4.0,2024-09,2023-08-07,100
202400000482,ZhaoLei,物理学院,C1027660,算法设计,3.0,2023-02,2024-12-10,24
202400000483,LiPeng,电子学院,C1020246,操作系统,4.0,2023-02,2023-01-14,38
202400000484,XuPeng,数学学院,C1030801,数据库系统,1.0,2023-02,2023-05-14,93
202400000485,ZhaoHua,电子学院,C1003311,算法设计,4.0,2022-09,2023-09-24,25
202400000486,ZhangNa,外语学院,C1002454,计算机网络,1.0,2023-02,2023-07-21,30
202400000487,YangMing,数学学院,C1028388,人工智能,2.0,2023-09,2024-04-15,2
202400000488,ZhangFang,经济学院,C1027363,数据结构,1.0,2024-02,2024-10-10,38
202400000489,HuangHua,电子学院,C1024189,算法设计,4.0,2023-02,2024-07-25,68
202400000490,HuangNa,数学学院,C1018391,算法设计,2.0,2024-09,2023-03-10,80
202400000491,ZhouNa,物理学院,C1008604,数据库系统,2.0,2024-09,2024-02-21,22
202400000492,HuangNa,外语学院,C1030901,离散数学,1.0,2022-09,2022-01-18,84
202400000493,ChenMing,经济学院,C1014254,离散数学,2.0,2023-09,2023-07-19,25
202400000494,LiuTao,物理学院,C1014665,离散数学,3.0,2024-02,2024-04-16,86
202400000495,ChenQiang,经济学院,C1025914,算法设计,3.0,2024-09,2024-02-16,93
202400000496,ZhangFang,电子学院,C1016336,计算机网络,1.0,2024-09,2023-02-08,16
202400000497,ZhouJun,物理学院,C1030551,数据结构,4.0,2023-09,2022-11-21,30
202400000498,ZhouTao,计算机学院,C1009005,数据库系统,1.0,2023-02,2023-09-05,45
202400000499,LiuMing,经济学院,C1011181,编译原理,3.0,2022-09,2022-03-08,95
202400000500,LiuQiang,计算机学院,C1028672,数据结构,3.0,2022-09,2023-01-23,18
202400000501,ZhangPeng,数学学院,C1023308,操作系统,4.0,2024-09,2023-12-09,38
202400000502,YangTao,外语学院,C1017037,数据库系统,2.0,2024-09,2022-03-31,95
202400000503,ZhaoPeng,外语学院,C1021442,计算机网络,4.0,2024-02,2023-11-01,82
202400000504,XuTao,经济学院,C1018284,编译原理,1.0,2024-09,2024-09-02,4
202400000505,XuWei,经济学院,C1003631,数据库系统,3.0,2023-09,2022-08-11,98
202400000506,ZhouJun,计算机学院,C1014197,编译原理,1.0,2023-02,2024-11-25,22
202400000507,XuWei,计算机学院,C1024915,数据结构,4.0,2024-02,2024-11-18,37
202400000508,HuangHua,经济学院,C1019314,算法设计,4.0,2024-02,2023-05-23,33
202400000509,WangHua,数学学院,C1026174,数据库系统,4.0,2023-02,2024-05-22,82
202400000510,ChenTao,物理学院,C1021102,算法设计,3.0,2024-09,2024-07-03,37
202400000511,HuangQiang,数学学院,C1008369,编译原理,1.0,2024-09,2024-03-21,89
202400000512,ZhaoHua,数学学院,C1006597,计算机网络,4.0,2024-09,2023-01-15,49
202400000513,ZhangWei,经济学院,C1006231,离散数学,3.0,2022-09,2022-02-11,59
202400000514,LiuNa,物理学院,C1016445,算法设计,3.0,2023-02,2024-03-18,69
202400000515,LiFang,电子学院,C1008527,编译原理,3.0,2022-09,2023-05-29,52
202400000516,LiuWei,数学学院,C1028107,人工智能,4.0,2023-02,2022-01-22,88
202400000517,WangNa,经济学院,C1029709,操作系统,1.0,2022-09,2022-02-03,20
202400000518,LiJun,计算机学院,C1020443,离散数学,1.0,2023-02,2024-04-18,29
202400000519,ZhouMing,数学学院,C1013234,离散数学,1.0,2023-09,2023-07-08,91
202400000520,YangPeng,计算机学院,C1013873,人工智能,1.0,2024-02,2022-03-28,20
202400000521,ZhaoPeng,外语学院,C1028527,计算机网络,2.0,2023-02,2022-06-07,38
202400000522,YangFang,计算机学院,C1020149,人工智能,1.0,2024-02,2022-05-03,40
202400000523,ZhaoQiang,外语学院,C1022167,人工智能,1.0,2022-09,2022-12-07,96
202400000524,ChenMing,物理学院,C1022225,数据库系统,4.0,2023-02,2023-07-01,56
202400000525,ChenNa,外语学院,C1004183,操作系统,1.0,2022-09,2024-11-06,69
202400000526,HuangQiang,电子学院,C1014118,计算机网络,1.0,2024-09,2022-01-31,85
202400000527,XuQiang,计算机学院,C1016227,数据库系统,3.0,2022-09,2022-06-15,13
202400000528,YangHua,外语学院,C1029382,数据结构,2.0,2024-02,2024-02-04,72
202400000529,XuHua,电子学院,C1032497,人工智能,3.0,2024-02,2024-11-23,25
202400000530,YangLei,计算机学院,C1011571,数据库系统,4.0,2024-09,2023-01-29,46
202400000531,ZhangLei,电子学院,C1027089,计算机网络,3.0,2024-09,2024-10-17,62
202400000532,XuFang,外语学院,C1023246,人工智能,2.0,2023-09,2024-09-26,71
202400000533,HuangJun,电子学院,C1019853,操作系统,3.0,2022-09,2023-10-25,74
202400000534,YangFang,电子学院,C1001415,操作系统,1.0,2023-09,2024-06-11,71
202400000535,YangQiang,外语学院,C1023255,数据库系统,2.0,2022-09,2023-04-11,53
202400000536,ZhouFang,经济学院,C1031713,算法设计,2.0,2022-09,2022-07-09,35
202400000537,LiFang,经济学院,C1016808,数据结构,4.0,2022-09,2024-09-01,73
202400000538,LiuJun,外语学院,C1021167,计算机网络,3.0,2022-09,2023-09-30,21
202400000539,LiuLei,数学学院,C1000730,数据库系统,4.0,2024-02,2024-07-16,95
202400000540,LiNa,经济学院,C1027153,离散数学,2.0,2023-09,2024-02-08,66
202400000541,LiuHua,数学学院,C1010806,数据结构,4.0,2024-02,2024-06-19,30
202400000542,LiWei,物理学院,C1013464,数据库系统,3.0,2024-02,2023-01-26,78
202400000543,LiuMing,经济学院,C1027413,数据库系统,4.0,2023-02,2023-08-05,99
202400000544,ZhouLei,物理学院,C1025506,编译原理,4.0,2022-09,2022-03-11,19
202400000545,LiuLei,物理学院,C1003890,数据库系统,3.0,2023-09,2024-11-29,39
202400000546,WangTao,数学学院,C1026182,数据库系统,3.0,2024-09,2023-09-19,47
202400000547,LiuFang,数学学院,C1006724,操作系统,3.0,2022-09,2022-01-31,32
202400000548,LiPeng,物理学院,C1026730,人工智能,1.0,2024-09,2023-04-17,92
202400000549,HuangHua,电子学院,C1018025,计算机网络,3.0,2024-09,2024-09-14,31
202400000550,YangQiang,电子学院,C1017880,编译原理,4.0,2022-09,2022-04-17,12
202400000551,ZhouTao,数学学院,C1023701,编译原理,4.0,2023-09,2023-04-21,74
202400000552,WangWei,数学学院,C1016748,算法设计,3.0,2024-09,2022-01-01,27
202400000553,ZhouPeng,经济学院,C1014723,算法设计,4.0,2024-02,2022-03-28,21
202400000554,LiNa,外语学院,C1021178,算法设计,4.0,2024-09,2023-09-09,46
202400000555,XuTao,外语学院,C1023250,人工智能,3.0,2024-02,2022-12-13,39
202400000556,ZhaoMing,物理学院,C1005297,计算机网络,4.0,2022-09,2024-09-03,94
202400000557,XuTao,数学学院,C1026964,离散数学,3.0,2023-09,2024-11-15,52
202400000558,ZhouWei,经济学院,C1024105,算法设计,4.0,2024-09,2024-07-20,6
202400000559,ZhouTao,经济学院,C1011464,人工智能,1.0,2023-02,2023-04-12,70
202400000560,ChenQiang,数学学院,C1024935,算法设计,1.0,2024-02,2024-07-29,72
202400000561,ZhouLei,计算机学院,C1031331,编译原理,3.0,2024-02,2023-07-20,8
202400000562,LiLei,计算机学院,C1027118,离散数学,4.0,2023-02,2023-04-02,46
202400000563,WangJun,电子学院,C1021244,计算机网络,1.0,2023-02,2024-01-18,60
202400000564,YangLei,数学学院,C1000062,人工智能,3.0,2024-02,2024-05-03,80
202400000565,YangPeng,电子学院,C1022202,数据库系统,2.0,2023-09,2022-11-20,34
202400000566,HuangWei,电子学院,C1029012,编译原理,3.0,2022-09,2022-04-12,15
202400000567,WangWei,数学学院,C1017295,人工智能,1.0,2024-02,2023-01-10,2
202400000568,LiuJun,外语学院,C1001024,数据结构,3.0,2022-09,2023-07-02,98
202400000569,WangNa,经济学院,C1012525,编译原理,1.0,2024-09,2024-11-02,46
202400000570,LiPeng,经济学院,C1006252,数据结构,1.0,2024-02,2022-08-12,80
202400000571,YangQiang,外语学院,C1030319,离散数学,3.0,2023-09,2023-06-11,0
202400000572,LiHua,物理学院,C1005744,操作系统,1.0,2023-09,2024-11-28,46
202400000573,ChenMing,数学学院,C1029806,编译原理,2.0,2022-09,2023-12-25,88
202400000574,WangPeng,外语学院,C1032131,人工智能,4.0,2023-09,2024-04-06,25
202400000575,ChenTao,计算机学院,C1007360,计算机网络,4.0,2022-09,2024-08-03,97
202400000576,ZhouWei,电子学院,C1011621,计算机网络,2.0,2024-02,2024-05-18,55
202400000577,HuangQiang,经济学院,C1028433,算法设计,2.0,2022-09,2023-04-14,67
202400000578,ZhouTao,计算机学院,C1010464,数据结构,1.0,2023-09,2023-11-01,11
202400000579,WangJun,物理学院,C1028555,算法设计,4.0,2023-02,2024-02-14,41
202400000580,ChenPeng,电子学院,C1013352,算法设计,4.0,2023-09,2022-10-25,90
202400000581,XuQiang,物理学院,C1016347,操作系统,2.0,2023-02,2024-06-11,70
202400000582,ZhouPeng,经济学院,C1022212,算法设计,4.0,2024-09,2022-05-30,23
202400000583,LiuFang,数学学院,C1016807,数据库系统,4.0,2024-09,2024-10-20,18
202400000584,XuQiang,计算机学院,C1001292,算法设计,2.0,2024-09,2024-09-04,25
202400000585,XuNa,外语学院,C1022288,计算机网络,1.0,2022-09,2024-08-08,35
202400000586,YangQiang,物理学院,C1006045,离散数学,1.0,2023-09,2023-06-19,67
202400000587,ZhaoHua,计算机学院,C1016613,编译原理,1.0,2023-02,2023-03-18,66
202400000588,WangLei,外语学院,C1020301,编译原理,4.0,2024-02,2024-12-01,5
202400000589,LiuLei,经济学院,C1004990,数据结构,4.0,2022-09,2022-11-18,94
202400000590,LiuTao,经济学院,C1000650,编译原理,1.0,2022-09,2022-01-21,37
202400000591,ZhouMing,外语学院,C1004737,编译原理,2.0,2023-02,2024-11-01,95
202400000592,LiQiang,经济学院,C1017707,数据结构,1.0,2024-02,2022-11-18,28
202400000593,LiMing,物理学院,C1018693,离散数学,2.0,2023-02,2024-09-15,80
202400000594,HuangNa,计算机学院,C1030229,算法设计,1.0,2023-09,2024-06-19,90
202400000595,YangQiang,物理学院,C1014022,人工智能,4.0,2023-09,2022-06-14,15
202400000596,ZhangQiang,计算机学院,C1011848,数据结构,3.0,2023-09,2022-03-15,12
202400000597,ChenQiang,计算机学院,C1015464,编译原理,3.0,2024-02,2024-10-02,7
202400000598,XuMing,电子学院,C1009005,编译原理,2.0,2022-09,2022-08-13,88
202400000599,ZhaoPeng,数学学院,C1024576,数据库系统,4.0,2022-09,2023-01-07,41
202400000600,ZhouTao,电子学院,C1014911,操作系统,2.0,2022-09,2024-09-10,71
202400000601,WangPeng,物理学院,C1024664,计算机网络,1.0,2024-02,2024-06-24,86
202400000602,LiHua,物理学院,C1024163,编译原理,1.0,2024-02,2022-09-14,24
202400000603,LiuWei,数学学院,C1010408,编译原理,1.0,2023-09,2022-11-12,46
202400000604,LiuWei,经济学院,C1012167,数据库系统,4.0,2023-09,2024-02-10,40
202400000605,ChenNa,经济学院,C1024511,数据结构,3.0,2024-02,2022-09-17,42
202400000606,XuPeng,物理学院,C1029543,算法设计,4.0,2023-09,2022-07-26,54
202400000607,WangJun,外语学院,C1021708,数据结构,2.0,2023-09,2023-04-28,97
202400000608,ZhangHua,数学学院,C1021128,操作系统,1.0,2022-09,2023-02-25,73
202400000609,ZhaoLei,外语学院,C1016714,算法设计,2.0,2023-02,2024-11-08,14
202400000610,WangFang,数学学院,C1030403,算法设计,4.0,2022-09,2023-08-26,69
202400000611,YangWei,数学学院,C1002749,离散数学,3.0,2024-09,2024-03-21,76
202400000612,WangMing,外语学院,C1008444,离散数学,3.0,2024-02,2024-10-27,85
202400000613,ZhouJun,电子学院,C1012347,编译原理,2.0,2023-09,2022-05-29,85
202400000614,ZhaoTao,外语学院,C1020951,算法设计,4.0,2023-09,2024-09-01,89
202400000615,LiuNa,电子学院,C1012030,人工智能,4.0,2023-02,2024-07-17,31
202400000616,HuangQiang,物理学院,C1015753,算法设计,3.0,2022-09,2023-07-16,76
202400000617,WangTao,电子学院,C1013935,算法设计,3.0,2022-09,2022-11-29,90
202400000618,ZhouWei,电子学院,C1001302,人工智能,2.0,2024-02,2023-09-17,26
202400000619,XuPeng,电子学院,C1020330,数据结构,1.0,2024-09,2023-12-21,84
202400000620,ZhaoPeng,电子学院,C1010141,算法设计,4.0,2024-09,2022-12-29,49
202400000621,ZhaoQiang,数学学院,C1029612,算法设计,4.0,2023-02,2022-11-10,66
202400000622,ChenQiang,数学学院,C1023680,人工智能,1.0,2024-02,2022-11-02,83
202400000623,WangLei,数学学院,C1018853,计算机网络,1.0,2024-02,2023-11-12,25
202400000624,ZhouMing,经济学院,C1007050,计算机网络,4.0,2023-09,2023-07-09,36
202400000625,ZhouTao,数学学院,C1007725,数据库系统,2.0,2024-09,2022-07-10,85
202400000626,ChenHua,物理学院,C1004705,算法设计,4.0,2023-02,2024-11-08,5
202400000627,LiWei,计算机学院,C1006342,人工智能,4.0,2023-09,2023-06-22,64
202400000628,ChenMing,计算机学院,C1014052,算法设计,2.0,2022-09,2022-03-07,37
202400000629,WangPeng,物理学院,C1022641,操作系统,4.0,2023-02,2023-07-26,48
202400000630,ChenHua,经济学院,C1007241,算法设计,1.0,2024-09,2023-10-28,36
202400000631,LiJun,经济学院,C1030275,数据库系统,3.0,2023-09,2024-09-16,91
202400000632,LiuJun,计算机学院,C1015640,离散数学,3.0,2022-09,2024-01-19,71
202400000633,YangNa,外语学院,C1010304,离散数学,2.0,2024-02,2023-10-15,65
202400000634,LiQiang,数学学院,C1007757,数据库系统,4.0,2023-02,2024-03-23,80
202400000635,ZhouNa,电子学院,C1014878,编译原理,2.0,2023-02,2024-10-15,68
202400000636,WangLei,数学学院,C1006222,编译原理,4.0,2023-02,2023-05-13,6
202400000637,LiuNa,经济学院,C1006912,数据库系统,3.0,2023-02,2022-10-23,34
202400000638,ChenWei,外语学院,C1016509,编译原理,1.0,2023-09,2022-03-22,18
202400000639,ChenFang,物理学院,C1009807,数据结构,3.0,2024-09,2022-07-17,69
202400000640,YangPeng,电子学院,C1029314,算法设计,2.0,2023-02,2023-11-24,90
202400000641,ChenNa,经济学院,C1025400,计算机网络,4.0,2023-02,2023-01-05,69
202400000642,HuangPeng,经济学院,C1025254,人工智能,4.0,2023-02,2022-08-05,75
202400000643,ZhaoJun,物理学院,C1002418,计算机网络,3.0,2024-09,2024-05-21,39
202400000644,LiFang,经济学院,C1000734,操作系统,3.0,2023-02,2023-01-02,68
202400000645,LiPeng,物理学院,C1031586,人工智能,3.0,2023-09,2023-02-18,63
202400000646,ChenWei,物理学院,C1027211,人工智能,4.0,2023-09,2022-04-22,57
202400000647,ZhaoWei,数学学院,C1025779,操作系统,4.0,2022-09,2024-11-09,20
202400000648,ChenLei,数学学院,C1027483,编译原理,1.0,2022-09,2024-11-12,98
202400000649,ZhangQiang,数学学院,C1006647,计算机网络,4.0,2024-09,2024-11-09,19
202400000650,HuangWei,数学学院,C1009950,操作系统,2.0,2022-09,2023-08-14,66
202400000651,ZhangMing,物理学院,C1000247,操作系统,1.0,2022-09,2023-08-27,93
202400000652,ZhangHua,数学学院,C1017049,离散数学,1.0,2023-02,2023-12-10,40
202400000653,ZhangWei,电子学院,C1000694,数据库系统,2.0,2024-09,2023-12-23,50
202400000654,ZhouLei,数学学院,C1002116,人工智能,3.0,2024-09,2023-06-17,48
202400000655,HuangMing,数学学院,C1008013,计算机网络,2.0,2022-09,2023-02-19,67
202400000656,YangTao,外语学院,C1009725,数据库系统,3.0,2022-09,2023-07-09,48
202400000657,ChenLei,数学学院,C1000309,数据结构,4.0,2023-02,2022-04-22,27
202400000658,WangLei,计算机学院,C1009098,人工智能,3.0,2024-02,2022-12-05,30
202400000659,WangLei,计算机学院,C1012438,计算机网络,2.0,2024-09,2022-08-12,49
202400000660,YangJun,物理学院,C1028682,计算机网络,3.0,2023-09,2023-11-27,15
202400000661,WangMing,计算机学院,C1006316,编译原理,2.0,2023-09,2024-02-15,50
202400000662,LiuMing,物理学院,C1016865,离散数学,4.0,2022-09,2022-10-27,68
202400000663,ZhangMing,经济学院,C1016496,人工智能,2.0,2023-02,2022-08-17,57
202400000664,ChenFang,计算机学院,C1028418,操作系统,1.0,2024-02,2022-03-04,74
202400000665,HuangMing,电子学院,C1013566,算法设计,2.0,2023-02,2024-12-26,59
202400000666,ChenQiang,电子学院,C1030177,计算机网络,2.0,2024-02,2022-07-21,89
202400000667,ChenTao,物理学院,C1032617,编译原理,3.0,2022-09,2024-05-14,13
202400000668,ChenWei,物理学院,C1014269,离散数学,4.0,2024-09,2024-05-23,52
202400000669,HuangNa,计算机学院,C1026889,算法设计,2.0,2022-09,2022-11-24,58
202400000670,ChenTao,计算机学院,C1029437,计算机网络,1.0,2024-02,2022-07-23,68
202400000671,ZhouTao,物理学院,C1006242,数据结构,3.0,2023-02,2023-11-07,69
202400000672,ZhangMing,电子学院,C1028874,操作系统,4.0,2024-02,2023-12-17,36
202400000673,XuQiang,计算机学院,C1001584,人工智能,4.0,2024-09,2022-02-01,97
202400000674,ChenWei,外语学院,C1009026,人工智能,4.0,2024-02,2023-12-28,10
202400000675,ChenHua,计算机学院,C1015682,算法设计,4.0,2024-09,2022-12-30,10
202400000676,ChenLei,经济学院,C1012742,数据结构,3.0,2022-09,2024-11-23,26
202400000677,LiPeng,数学学院,C1006439,算法设计,4.0,2023-02,2024-09-18,4
202400000678,ZhouTao,数学学院,C1014165,计算机网络,4.0,2024-02,2023-12-22,29
202400000679,WangTao,外语学院,C1005854,计算机网络,1.0,2024-09,2024-07-20,51
202400000680,ZhaoNa,经济学院,C1021242,离散数学,1.0,2023-02,2024-08-12,77
202400000681,ZhaoTao,数学学院,C1006144,算法设计,2.0,2023-02,2023-12-27,38
202400000682,ZhangMing,经济学院,C1011437,操作系统,1.0,2022-09,2024-02-07,72
202400000683,LiuQiang,物理学院,C1001062,数据结构,1.0,2023-02,2024-07-16,25
202400000684,HuangWei,物理学院,C1018746,人工智能,3.0,2023-02,2024-06-30,30
202400000685,XuWei,外语学院,C1019828,编译原理,3.0,2024-02,2024-04-21,25
202400000686,ZhaoWei,计算机学院,C1001550,编译原理,2.0,2024-09,2023-05-06,58
202400000687,ZhangQiang,经济学院,C1021649,数据结构,1.0,2024-09,2024-01-25,96
202400000688,ZhouLei,电子学院,C1027130,计算机网络,1.0,2024-09,2022-07-24,84
202400000689,HuangTao,电子学院,C1019828,数据结构,4.0,2024-09,2022-04-26,15
202400000690,LiPeng,电子学院,C1012871,计算机网络,3.0,2023-02,2022-09-18,24
202400000691,HuangWei,经济学院,C1027084,数据结构,1.0,2022-09,2023-09-11,47
202400000692,ZhaoNa,数学学院,C1013234,操作系统,2.0,2024-09,2023-09-08,10
202400000693,ZhaoNa,外语学院,C1032497,数据库系统,1.0,2022-09,2024-08-28,87
202400000694,ChenHua,经济学院,C1023853,数据结构,3.0,2023-09,2024-01-20,4
202400000695,XuTao,物理学院,C1027807,数据库系统,2.0,2023-09,2022-11-18,78
202400000696,ChenQiang,经济学院,C1030324,数据结构,1.0,2023-09,2024-06-10,79
202400000697,ZhaoLei,计算机学院,C1001769,操作系统,2.0,2022-09,2023-10-06,89
202400000698,WangMing,经济学院,C1009944,数据结构,4.0,2023-02,2022-04-28,95
202400000699,ZhangFang,物理学院,C1000289,数据结构,3.0,2023-09,2022-05-13,4
202400000700,ZhangTao,电子学院,C1030925,数据结构,1.0,2024-02,2022-02-22,29
202400000701,ZhaoLei,物理学院,C1008371,编译原理,4.0,2023-02,2024-01-22,91
202400000702,ChenNa,计算机学院,C1032030,计算机网络,2.0,2022-09,2022-03-04,5
202400000703,LiuJun,电子学院,C1009757,操作系统,4.0,2024-02,2022-04-14,23
202400000704,LiuNa,经济学院,C1029914,操作系统,1.0,2023-09,2022-12-24,36
202400000705,ZhaoJun,经济学院,C1012172,数据结构,2.0,2023-09,2023-11-05,34
202400000706,WangHua,电子学院,C1004942,编译原理,2.0,2024-09,2023-02-01,5
202400000707,LiWei,数学学院,C1011205,人工智能,2.0,2023-09,2024-11-12,8
202400000708,WangQiang,经济学院,C1002476,人工智能,4.0,2024-02,2024-12-26,32
202400000709,ZhangPeng,数学学院,C1005475,离散数学,2.0,2024-09,2022-02-16,33
202400000710,ChenHua,经济学院,C1013360,人工智能,4.0,2023-02,2022-03-09,70
202400000711,HuangTao,数学学院,C1028055,操作系统,2.0,2022-09,2023-11-13,59
202400000712,XuJun,计算机学院,C1031967,操作系统,3.0,2023-02,2023-08-27,71
202400000713,ChenLei,计算机学院,C1006882,计算机网络,3.0,2023-09,2024-10-13,20
202400000714,HuangPeng,计算机学院,C1027194,算法设计,3.0,2024-02,2024-08-04,1
202400000715,ChenLei,计算机学院,C1015245,算法设计,3.0,2023-02,2022-04-03,9
202400000716,YangQiang,外语学院,C1026742,数据结构,1.0,2023-02,2024-08-25,63
202400000717,XuPeng,计算机学院,C1029887,计算机网络,4.0,2024-02,2024-05-20,64
202400000718,ChenLei,电子学院,C1014869,算法设计,4.0,2023-09,2023-12-12,17
202400000719,ZhouFang,物理学院,C1007817,计算机网络,3.0,2023-02,2023-03-26,88
202400000720,YangFang,数学学院,C1012538,操作系统,3.0,2023-09,2024-11-10,90
202400000721,HuangWei,外语学院,C1012867,计算机网络,2.0,2022-09,2022-11-03,61
202400000722,LiQiang,数学学院,C1027472,操作系统,1.0,2023-09,2023-12-14,37
202400000723,XuNa,经济学院,C1025601,数据库系统,1.0,2024-09,2024-08-05,71
202400000724,XuLei,经济学院,C1024532,计算机网络,4.0,2023-02,2023-07-14,21
202400000725,LiuQiang,物理学院,C1008473,操作系统,4.0,2024-09,2023-03-21,89
202400000726,LiFang,经济学院,C1007012,人工智能,2.0,2024-09,2024-02-09,81
202400000727,ChenHua,经济学院,C1007400,数据库系统,2.0,2022-09,2024-06-08,87
202400000728,LiPeng,数学学院,C1015848,编译原理,2.0,2024-09,2022-04-23,12
202400000729,ChenTao,电子学院,C1029273,人工智能,2.0,2023-09,2023-09-12,80
202400000730,XuPeng,计算机学院,C1005866,离散数学,4.0,2022-09,2024-02-15,55
202400000731,LiTao,外语学院,C1031709,算法设计,2.0,2024-09,2023-09-12,29
202400000732,LiNa,数学学院,C1019060,操作系统,3.0,2024-09,2022-04-09,26
202400000733,YangHua,数学学院,C1011477,算法设计,1.0,2023-09,2024-06-24,45
202400000734,ZhouPeng,外语学院,C1013593,编译原理,2.0,2024-09,2022-03-16,97
202400000735,LiFang,数学学院,C1016024,计算机网络,4.0,2024-02,2022-03-04,73
202400000736,LiLei,外语学院,C1027177,算法设计,1.0,2023-09,2022-05-31,14
202400000737,XuQiang,经济学院,C1014499,数据结构,2.0,2024-02,2022-06-08,23
202400000738,HuangWei,外语学院,C1012675,计算机网络,1.0,2023-02,2023-08-09,88
202400000739,ChenJun,外语学院,C1003730,离散数学,2.0,2024-02,2024-07-25,40
202400000740,XuHua,数学学院,C1027272,操作系统,1.0,2024-09,2022-08-29,23
202400000741,ZhangHua,经济学院,C1004077,离散数学,1.0,2024-09,2023-05-19,9
202400000742,HuangNa,经济学院,C1016402,算法设计,4.0,2022-09,2024-09-04,84
202400000743,XuNa,计算机学院,C1001269,离散数学,3.0,2024-09,2023-06-07,6
202400000744,ZhangNa,电子学院,C1013696,编译原理,2.0,2023-09,2023-09-16,16
202400000745,ZhaoLei,物理学院,C1024822,算法设计,3.0,2024-09,2022-05-30,98
202400000746,ZhouHua,经济学院,C1022334,编译原理,4.0,2023-09,2022-12-12,0
202400000747,ZhouJun,计算机学院,C1015813,人工智能,1.0,2022-09,2022-07-05,8
202400000748,ZhouJun,物理学院,C1020806,人工智能,4.0,2024-02,2023-03-17,40
202400000749,LiNa,经济学院,C1011630,计算机网络,3.0,2024-02,2023-05-17,51
202400000750,XuWei,经济学院,C1027793,计算机网络,4.0,2023-02,2022-04-15,83
202400000751,ChenHua,外语学院,C1009805,数据结构,3.0,2023-02,2022-02-02,49
202400000752,ChenQiang,数学学院,C1002166,人工智能,4.0,2024-02,2024-10-31,38
202400000753,LiuTao,计算机学院,C1013049,人工智能,1.0,2023-02,2022-08-02,8
202400000754,ChenQiang,物理学院,C1008030,计算机网络,3.0,2024-02,2023-07-07,93
202400000755,ZhaoWei,经济学院,C1029389,操作系统,2.0,2024-09,2023-07-09,82
202400000756,ZhouHua,外语学院,C1022120,编译原理,1.0,2022-09,2023-07-10,52
202400000757,ChenJun,经济学院,C1010490,操作系统,1.0,2022-09,2022-12-02,36
202400000758,ChenNa,物理学院,C1003519,计算机网络,1.0,2023-02,2022-10-27,13
202400000759,WangLei,外语学院,C1026466,编译原理,2.0,2024-02,2024-04-22,6
202400000760,ZhangHua,物理学院,C1029653,编译原理,1.0,2024-09,2024-11-04,12
202400000761,LiuFang,外语学院,C1008102,数据库系统,2.0,2024-09,2024-02-10,59
202400000762,HuangTao,外语学院,C1020430,离散数学,4.0,2024-02,2024-09-24,32
202400000763,ChenWei,数学学院,C1024630,计算机网络,1.0,2023-02,2023-11-17,68
202400000764,LiuPeng,计算机学院,C1008108,计算机网络,1.0,2023-09,2024-06-07,93
202400000765,WangPeng,电子学院,C1003143,数据库系统,4.0,2024-02,2023-12-09,48
202400000766,LiuTao,数学学院,C1021797,算法设计,4.0,2022-09,2023-12-01,16
202400000767,WangHua,物理学院,C1017643,算法设计,2.0,2024-09,2023-04-08,72
202400000768,YangWei,经济学院,C1000047,计算机网络,1.0,2024-02,2023-01-03,22
202400000769,XuHua,外语学院,C1020174,人工智能,3.0,2022-09,2023-05-16,81
202400000770,ZhouQiang,数学学院,C1008345,编译原理,1.0,2024-02,2023-10-26,2
202400000771,HuangPeng,物理学院,C1021315,数据结构,4.0,2023-02,2024-07-31,65
202400000772,YangTao,计算机学院,C1014419,计算机网络,4.0,2024-09,2023-06-21,12
202400000773,LiQiang,外语学院,C1015517,编译原理,1.0,2023-02,2023-03-11,20
202400000774,ZhaoMing,物理学院,C1007731,数据库系统,4.0,2024-09,2023-12-23,65
202400000775,ZhouPeng,计算机学院,C1027921,算法设计,4.0,2024-02,2022-09-04,0
202400000776,HuangQiang,经济学院,C1003415,操作系统,3.0,2023-02,2022-12-27,10
202400000777,ZhangPeng,计算机学院,C1031891,数据库系统,4.0,2022-09,2022-01-09,50
202400000778,HuangLei,电子学院,C1003952,操作系统,4.0,2024-02,2024-01-31,88
202400000779,ChenJun,经济学院,C1021861,人工智能,3.0,2022-09,2022-10-19,76
202400000780,LiHua,数学学院,C1014499,数据结构,3.0,2024-02,2023-07-31,43
202400000781,XuLei,物理学院,C1016474,人工智能,4.0,2024-02,2023-06-09,24
202400000782,ZhaoPeng,外语学院,C1018875,离散数学,2.0,2023-09,2023-11-26,77
202400000783,YangNa,计算机学院,C1002292,数据库系统,1.0,2024-02,2024-10-19,84
202400000784,XuLei,外语学院,C1016868,数据库系统,1.0,2024-09,2022-01-10,15
202400000785,YangHua,外语学院,C1009966,算法设计,2.0,2022-09,2024-02-05,30
202400000786,LiuNa,外语学院,C1017193,编译原理,3.0,2023-02,2023-05-23,56
202400000787,LiuPeng,计算机学院,C1007623,计算机网络,1.0,2022-09,2023-07-01,65
202400000788,LiMing,外语学院,C1032102,计算机网络,4.0,2023-09,2024-06-24,38
202400000789,HuangPeng,计算机学院,C1021615,计算机网络,2.0,2023-02,2024-07-20,20
202400000790,ZhaoPeng,数学学院,C1010613,数据库系统,4.0,2022-09,2023-11-12,9
202400000791,YangFang,外语学院,C1022054,计算机网络,3.0,2022-09,2022-01-23,84
202400000792,ZhouTao,电子学院,C1002739,数据库系统,2.0,2022-09,2023-12-27,87
202400000793,HuangTao,物理学院,C1002857,操作系统,1.0,2024-09,2024-11-05,1
202400000794,ZhouLei,外语学院,C1032572,人工智能,2.0,2024-02,2022-10-11,87
202400000795,WangTao,计算机学院,C1021189,操作系统,2.0,2024-02,2023-07-31,49
202400000796,WangFang,外语学院,C1028523,数据库系统,3.0,2024-02,2022-02-28,10
202400000797,ZhaoLei,经济学院,C1020961,操作系统,2.0,2023-02,2024-10-11,5
202400000798,ChenFang,外语学院,C1031611,人工智能,4.0,2023-09,2022-09-12,49
202400000799,XuJun,计算机学院,C1004141,人工智能,3.0,2024-02,2023-10-23,45
202400000800,LiuWei,外语学院,C1010852,数据库系统,1.0,2023-02,2023-05-01,35
202400000801,LiuPeng,电子学院,C1029540,计算机网络,2.0,2024-09,2023-02-15,10
202400000802,ZhouTao,外语学院,C1010055,人工智能,2.0,2023-09,2023-07-19,66
202400000803,WangQiang,物理学院,C1007022,数据结构,2.0,2023-02,2022-04-14,62
202400000804,HuangPeng,电子学院,C1023299,数据结构,1.0,2023-02,2022-08-30,75
202400000805,LiMing,数学学院,C1025419,离散数学,2.0,2023-09,2022-10-12,63
202400000806,HuangJun,物理学院,C1030156,数据库系统,4.0,2022-09,2023-02-11,78
202400000807,ChenFang,数学学院,C1010755,离散数学,2.0,2023-02,2023-12-20,75
202400000808,ZhangMing,电子学院,C1022746,人工智能,1.0,2023-02,2022-09-16,30
202400000809,LiJun,计算机学院,C1021522,编译原理,4.0,2024-09,2024-06-09,3
202400000810,ZhaoJun,外语学院,C1021129,计算机网络,3.0,2024-09,2024-07-29,97
202400000811,LiuLei,电子学院,C1000263,数据库系统,3.0,2023-09,2024-02-16,0
202400000812,ChenWei,计算机学院,C1022403,人工智能,3.0,2023-02,2022-04-09,14
202400000813,LiNa,经济学院,C1002649,算法设计,1.0,2024-02,2022-02-01,15
202400000814,WangJun,电子学院,C1025035,数据库系统,2.0,2023-09,2023-04-03,59
202400000815,ZhaoMing,经济学院,C1022424,数据库系统,2.0,2022-09,2022-12-19,80
202400000816,HuangTao,经济学院,C1029373,人工智能,1.0,2023-09,2023-04-16,31
202400000817,ZhaoHua,经济学院,C1014714,算法设计,2.0,2022-09,2024-02-09,34
202400000818,HuangQiang,电子学院,C1028520,数据库系统,3.0,2023-09,2023-06-26,66
202400000819,YangPeng,外语学院,C1008329,离散数学,1.0,2023-02,2022-07-05,64
202400000820,HuangTao,电子学院,C1016071,数据结构,2.0,2023-02,2023-03-10,23
202400000821,ZhaoMing,外语学院,C1030029,算法设计,4.0,2024-02,2024-01-22,15
202400000822,XuFang,电子学院,C1018367,操作系统,3.0,2022-09,2022-07-04,56
202400000823,WangMing,计算机学院,C1026444,计算机网络,4.0,2023-02,2023-11-21,38
202400000824,YangJun,电子学院,C1014586,人工智能,4.0,2024-09,2022-06-08,69
202400000825,ZhouJun,物理学院,C1001337,人工智能,4.0,2024-09,2024-10-12,97
202400000826,ZhangFang,经济学院,C1030446,人工智能,4.0,2024-02,2024-08-18,53
202400000827,ChenNa,经济学院,C1011295,计算机网络,4.0,2024-09,2022-10-09,24
202400000828,ZhaoLei,数学学院,C1013483,算法设计,2.0,2023-02,2023-10-30,67
202400000829,HuangMing,物理学院,C1009340,人工智能,3.0,2023-02,2024-07-19,64
202400000830,ZhouTao,数学学院,C1010834,数据库系统,2.0,2024-09,2022-10-01,29
202400000831,WangPeng,计算机学院,C1027511,操作系统,2.0,2022-09,2024-06-07,75
202400000832,LiLei,外语学院,C1008256,人工智能,4.0,2023-02,2022-09-11,42
202400000833,HuangPeng,外语学院,C1031677,算法设计,3.0,2023-02,2024-11-27,80
202400000834,ZhangTao,外语学院,C1012357,人工智能,1.0,2024-09,2023-11-26,70
202400000835,HuangNa,经济学院,C1015531,数据结构,2.0,2022-09,2023-01-30,59
202400000836,WangLei,经济学院,C1016017,编译原理,1.0,2024-02,2023-04-16,62
202400000837,ZhangWei,电子学院,C1024528,人工智能,3.0,2022-09,2023-07-20,30
202400000838,XuFang,物理学院,C1021013,编译原理,4.0,2024-02,2024-06-14,78
202400000839,XuTao,电子学院,C1013283,操作系统,4.0,2024-02,2024-09-24,21
202400000840,ZhangJun,外语学院,C1012419,算法设计,1.0,2023-02,2024-11-05,51
202400000841,ZhaoWei,电子学院,C1008649,数据库系统,1.0,2023-02,2022-12-30,42
202400000842,YangTao,物理学院,C1001089,离散数学,1.0,2024-09,2022-07-01,3
202400000843,HuangLei,计算机学院,C1029505,编译原理,3.0,2023-02,2024-02-09,10
202400000844,WangLei,数学学院,C1027360,数据结构,4.0,2024-09,2023-02-02,28
202400000845,YangLei,数学学院,C1031813,编译原理,4.0,2023-02,2022-11-08,100
202400000846,XuTao,计算机学院,C1010488,离散数学,4.0,2024-02,2023-12-26,69
202400000847,LiuJun,外语学院,C1005967,离散数学,1.0,2023-02,2023-04-08,70
202400000848,YangNa,数学学院,C1029818,离散数学,1.0,2024-02,2022-11-09,54
202400000849,HuangJun,外语学院,C1027126,离散数学,3.0,2023-09,2023-05-18,29
202400000850,LiuFang,计算机学院,C1024788,数据库系统,1.0,2022-09,2023-03-04,8
202400000851,ZhouFang,物理学院,C1027305,数据结构,3.0,2024-09,2024-03-12,92
202400000852,ZhouFang,外语学院,C1002177,操作系统,2.0,2024-09,2023-12-12,97
202400000853,LiuMing,数学学院,C1029038,人工智能,3.0,2022-09,2022-08-20,18
202400000854,ZhaoTao,物理学院,C1009684,算法设计,2.0,2024-02,2024-10-07,22
202400000855,ZhouFang,经济学院,C1003308,算法设计,2.0,2024-09,2024-03-17,90
202400000856,XuWei,经济学院,C1031010,编译原理,3.0,2022-09,2023-11-02,6
202400000857,ZhangHua,计算机学院,C1012846,算法设计,4.0,2022-09,2022-02-18,25
202400000858,LiuLei,计算机学院,C1011417,离散数学,1.0,2022-09,2024-11-05,67
202400000859,WangPeng,物理学院,C1030943,算法设计,4.0,2024-02,2023-12-30,7
202400000860,YangNa,物理学院,C1028258,编译原理,2.0,2024-02,2022-03-19,85
202400000861,ZhaoHua,物理学院,C1016112,计算机网络,3.0,2022-09,2024-01-23,77
202400000862,HuangNa,电子学院,C1018403,数据库系统,2.0,2023-02,2024-04-12,57
202400000863,YangHua,物理学院,C1005601,算法设计,3.0,2024-02,2023-03-23,0
202400000864,ChenFang,电子学院,C1023867,算法设计,3.0,2024-02,2022-05-06,15
202400000865,HuangTao,电子学院,C1004401,算法设计,2.0,2023-09,2024-10-01,97
202400000866,LiuWei,物理学院,C1019020,算法设计,4.0,2023-09,2022-10-05,3
202400000867,LiHua,物理学院,C1016532,离散数学,3.0,2023-09,2024-11-14,79
202400000868,ChenPeng,电子学院,C1021238,离散数学,4.0,2023-02,2024-07-22,43
202400000869,ZhouJun,计算机学院,C1008707,数据库系统,2.0,2023-09,2024-11-24,39
202400000870,HuangLei,数学学院,C1008773,数据结构,1.0,2022-09,2024-09-12,3
202400000871,ZhaoLei,经济学院,C1030409,操作系统,3.0,2023-02,2022-07-22,43
202400000872,XuHua,外语学院,C1028872,数据库系统,2.0,2022-09,2023-04-14,3
202400000873,LiQiang,物理学院,C1029714,人工智能,1.0,2023-02,2023-11-28,42
202400000874,YangLei,电子学院,C1011343,数据结构,2.0,2023-02,2023-08-09,89
202400000875,YangMing,外语学院,C1004780,编译原理,2.0,2024-02,2023-11-11,35
202400000876,WangHua,物理学院,C1013233,人工智能,1.0,2024-09,2022-04-29,55
202400000877,ChenHua,数学学院,C1006902,计算机网络,3.0,2023-02,2022-12-12,85
202400000878,ZhaoHua,数学学院,C1030587,计算机网络,4.0,2023-02,2023-05-05,38
202400000879,LiuWei,计算机学院,C1016690,数据结构,2.0,2023-02,2023-09-28,58
202400000880,YangTao,物理学院,C1025746,数据结构,1.0,2022-09,2024-02-14,89
202400000881,ZhaoPeng,电子学院,C1003001,数据库系统,1.0,2024-02,2024-07-18,86
202400000882,XuWei,计算机学院,C1030757,编译原理,4.0,2023-02,2022-03-04,82
202400000883,YangPeng,外语学院,C1008128,算法设计,2.0,2024-02,2022-09-19,8
202400000884,HuangMing,经济学院,C1019598,数据库系统,1.0,2024-09,2022-07-04,81
202400000885,XuNa,外语学院,C1017065,计算机网络,2.0,2024-02,2022-02-21,53
202400000886,XuHua,电子学院,C1025837,编译原理,2.0,2022-09,2023-06-20,13
202400000887,YangQiang,数学学院,C1011550,数据结构,3.0,2023-09,2022-12-06,29
202400000888,LiWei,经济学院,C1002467,操作系统,1.0,2024-09,2022-09-22,27
202400000889,LiuLei,物理学院,C1002657,操作系统,3.0,2024-02,2022-10-08,14
202400000890,ZhangMing,数学学院,C1014840,离散数学,1.0,2024-02,2023-08-22,22
202400000891,ZhaoLei,经济学院,C1031132,数据结构,4.0,2023-09,2023-04-20,76
202400000892,ChenMing,电子学院,C1008074,编译原理,3.0,2024-09,2022-12-20,31
202400000893,LiuLei,计算机学院,C1028691,编译原理,2.0,2022-09,2023-03-10,84
202400000894,LiuLei,物理学院,C1007782,离散数学,4.0,2023-09,2022-06-12,42
202400000895,ZhaoWei,计算机学院,C1017027,数据结构,2.0,2023-02,2022-06-17,45
202400000896,ZhangPeng,经济学院,C1008397,人工智能,1.0,2023-02,2023-08-29,69
202400000897,ZhouJun,物理学院,C1012569,计算机网络,3.0,2022-09,2024-05-28,35
202400000898,LiLei,数学学院,C1010260,数据结构,4.0,2023-02,2022-05-01,75
202400000899,YangFang,电子学院,C1025792,人工智能,1.0,2024-09,2023-06-02,77
202400000900,ZhangJun,经济学院,C1003112,离散数学,1.0,2023-02,2024-08-27,9
202400000901,ZhangLei,电子学院,C1011708,算法设计,1.0,2023-09,2024-12-21,17
202400000902,WangNa,电子学院,C1014740,编译原理,1.0,2024-09,2024-01-21,70
202400000903,WangTao,物理学院,C1021197,数据结构,2.0,2023-02,2022-12-13,17
202400000904,HuangMing,外语学院,C1014883,计算机网络,1.0,2023-02,2022-10-02,3
202400000905,ZhangTao,外语学院,C1011589,算法设计,4.0,2023-02,2023-03-16,94
202400000906,LiuNa,计算机学院,C1030315,人工智能,3.0,2024-02,2023-06-14,62
202400000907,ZhouHua,外语学院,C1031200,数据库系统,1.0,2024-09,2023-04-05,28
202400000908,ZhouJun,计算机学院,C1030445,离散数学,2.0,2024-09,2023-11-23,76
202400000909,WangNa,数学学院,C1032578,操作系统,4.0,2024-09,2024-05-06,93
202400000910,LiuNa,经济学院,C1002443,编译原理,2.0,2023-02,2024-10-27,24
202400000911,YangWei,外语学院,C1016984,编译原理,2.0,2023-02,2024-11-08,59
202400000912,LiuHua,计算机学院,C1009340,数据结构,4.0,2024-02,2024-04-12,54
202400000913,ZhangLei,计算机学院,C1017947,操作系统,2.0,2023-02,2024-08-23,62
202400000914,XuPeng,经济学院,C1014866,计算机网络,4.0,2023-02,2024-03-04,86
202400000915,LiuFang,数学学院,C1005990,算法设计,2.0,2023-09,2024-06-03,68
202400000916,ZhangMing,经济学院,C1000228,离散数学,3.0,2024-09,2022-09-19,3
202400000917,ZhouJun,电子学院,C1030423,离散数学,3.0,2024-09,2023-05-23,79
202400000918,ZhangJun,物理学院,C1002626,数据库系统,1.0,2023-02,2023-09-18,13
202400000919,WangLei,外语学院,C1008697,数据结构,1.0,2023-02,2024-03-20,15
202400000920,HuangWei,电子学院,C1027894,计算机网络,3.0,2023-09,2023-01-01,17
202400000921,XuFang,电子学院,C1023081,离散数学,1.0,2024-09,2023-12-30,49
202400000922,HuangPeng,物理学院,C1023744,数据结构,3.0,2023-02,2022-02-20,14
202400000923,ZhaoLei,电子学院,C1008941,编译原理,3.0,2023-09,2022-03-03,72
202400000924,LiuPeng,外语学院,C1020250,编译原理,3.0,2023-09,2024-07-02,39
202400000925,LiHua,经济学院,C1006847,离散数学,3.0,2024-09,2024-05-25,47
202400000926,ZhangMing,经济学院,C1023570,人工智能,4.0,2024-09,2023-12-04,31
202400000927,ZhouHua,计算机学院,C1006261,编译原理,4.0,2022-09,2022-11-11,76
202400000928,LiPeng,物理学院,C1028270,操作系统,3.0,2024-02,2022-04-04,25
202400000929,WangJun,数学学院,C1011468,离散数学,1.0,2024-09,2023-11-29,53
202400000930,ZhaoLei,经济学院,C1008276,数据库系统,2.0,2022-09,2023-03-17,21
202400000931,WangPeng,经济学院,C1006854,编译原理,1.0,2023-09,2024-09-06,89
202400000932,HuangQiang,电子学院,C1025121,编译原理,1.0,2023-09,2022-05-11,13
202400000933,WangWei,外语学院,C1006868,数据库系统,4.0,2024-09,2023-08-22,44
202400000934,LiQiang,经济学院,C1020284,计算机网络,1.0,2024-02,2023-09-09,88
202400000935,XuFang,电子学院,C1007174,人工智能,1.0,2022-09,2023-05-03,75
202400000936,WangFang,数学学院,C1028939,数据库系统,2.0,2024-02,2024-10-31,16
202400000937,LiuPeng,数学学院,C1000952,离散数学,4.0,2024-02,2022-09-20,79
202400000938,ZhangWei,外语学院,C1012878,数据结构,2.0,2022-09,2023-06-07,18
202400000939,HuangHua,经济学院,C1030581,人工智能,3.0,2023-02,2023-03-31,35
202400000940,ZhangMing,计算机学院,C1032142,算法设计,1.0,2024-02,2022-03-04,99
202400000941,LiFang,经济学院,C1022019,算法设计,3.0,2024-02,2022-02-25,84
202400000942,LiuMing,电子学院,C1032609,人工智能,2.0,2024-09,2024-12-17,20
202400000943,LiQiang,经济学院,C1031707,离散数学,4.0,2022-09,2022-04-13,17
202400000944,YangNa,外语学院,C1022962,人工智能,2.0,2024-09,2022-06-27,82
202400000945,XuQiang,数学学院,C1005237,计算机网络,4.0,2023-09,2023-05-04,34
202400000946,XuHua,物理学院,C1020307,数据结构,1.0,2024-02,2024-05-10,94
202400000947,HuangWei,物理学院,C1023859,数据结构,3.0,2023-09,2022-05-18,12
202400000948,ChenLei,计算机学院,C1008061,编译原理,3.0,2024-02,2023-02-24,40
202400000949,HuangTao,电子学院,C1012239,编译原理,4.0,2022-09,2023-11-16,12
202400000950,ZhouMing,数学学院,C1032522,人工智能,1.0,2022-09,2024-03-23,46
202400000951,LiuQiang,计算机学院,C1014742,操作系统,3.0,2023-09,2024-11-02,55
202400000952,ZhangPeng,计算机学院,C1027025,数据结构,4.0,2024-09,2022-07-25,42
202400000953,ZhangQiang,计算机学院,C1016862,算法设计,4.0,2024-09,2024-03-05,76
202400000954,ZhangTao,经济学院,C1030380,操作系统,1.0,2023-09,2023-09-22,55
202400000955,LiuWei,物理学院,C1007531,算法设计,2.0,2023-02,2022-12-21,44
202400000956,HuangTao,计算机学院,C1002058,编译原理,1.0,2024-02,2023-02-13,13
202400000957,XuFang,计算机学院,C1013771,数据结构,3.0,2024-02,2022-07-17,66
202400000958,ZhouHua,物理学院,C1004896,操作系统,2.0,2023-09,2024-07-15,63
202400000959,LiJun,计算机学院,C1013006,计算机网络,4.0,2023-02,2022-09-05,87
202400000960,WangTao,经济学院,C1003479,数据结构,1.0,2024-02,2022-07-21,52
202400000961,ZhangFang,数学学院,C1010658,操作系统,2.0,2023-09,2023-08-20,74
202400000962,HuangQiang,数学学院,C1011717,算法设计,4.0,2023-09,2022-08-08,95
202400000963,ZhouJun,电子学院,C1002111,数据库系统,2.0,2024-09,2023-05-15,11
202400000964,ZhouPeng,经济学院,C1020695,操作系统,3.0,2022-09,2022-12-22,53
202400000965,LiuJun,计算机学院,C1005410,人工智能,1.0,2024-09,2022-06-28,100
202400000966,WangMing,外语学院,C1032371,操作系统,2.0,2023-02,2024-10-04,34
202400000967,WangFang,计算机学院,C1006797,计算机网络,4.0,2024-09,2022-09-16,20
202400000968,LiNa,经济学院,C1015863,算法设计,4.0,2023-09,2024-04-30,55
202400000969,WangNa,经济学院,C1000453,人工智能,4.0,2023-02,2024-11-12,38
202400000970,ZhangNa,物理学院,C1021424,离散数学,4.0,2023-09,2023-03-02,71
202400000971,WangLei,经济学院,C1003587,离散数学,4.0,2024-02,2022-04-05,50
202400000972,ZhouWei,外语学院,C1005259,编译原理,3.0,2024-02,2022-04-18,89
202400000973,YangPeng,经济学院,C1024593,操作系统,2.0,2023-02,2022-03-27,73
202400000974,ChenWei,电子学院,C1023861,数据结构,4.0,2023-02,2024-09-26,43
202400000975,LiuQiang,数学学院,C1017105,编译原理,4.0,2024-02,2023-01-14,21
202400000976,ZhouWei,经济学院,C1028075,数据库系统,1.0,2024-02,2022-12-12,87
202400000977,ZhaoQiang,数学学院,C1017950,算法设计,4.0,2023-09,2024-04-01,68
202400000978,ZhouWei,物理学院,C1001185,计算机网络,3.0,2023-09,2024-07-26,67
202400000979,ZhangJun,计算机学院,C1012478,人工智能,2.0,2023-02,2023-12-31,68
202400000980,WangFang,数学学院,C1009807,算法设计,2.0,2024-09,2023-10-12,58
202400000981,HuangPeng,经济学院,C1009065,编译原理,2.0,2024-09,2024-11-17,19
202400000982,LiFang,外语学院,C1004221,离散数学,4.0,2023-09,2022-02-25,55
202400000983,WangMing,数学学院,C1013837,人工智能,2.0,2024-09,2024-06-11,78
202400000984,HuangJun,数学学院,C1002541,计算机网络,2.0,2022-09,2022-11-17,85
202400000985,XuJun,经济学院,C1013785,计算机网络,2.0,2023-02,2024-03-12,73
202400000986,WangFang,数学学院,C1003442,数据库系统,2.0,2022-09,2022-02-20,57
202400000987,LiTao,数学学院,C1017838,编译原理,4.0,2023-09,2023-12-30,63
202400000988,ZhangNa,经济学院,C1022866,编译原理,3.0,2023-09,2022-07-31,11
202400000989,ChenMing,电子学院,C1019471,数据结构,2.0,2024-09,2024-05-27,53
202400000990,LiuNa,经济学院,C1014791,人工智能,3.0,2023-02,2022-02-25,1
202400000991,ZhaoHua,物理学院,C1008359,数据结构,3.0,2023-09,2023-04-01,30
202400000992,XuTao,数学学院,C1002494,计算机网络,2.0,2023-09,2024-02-15,84
202400000993,ZhangLei,数学学院,C1008436,计算机网络,4.0,2023-09,2024-08-18,61
202400000994,HuangQiang,计算机学院,C1028447,算法设计,3.0,2022-09,2022-05-30,35
202400000995,LiuNa,计算机学院,C1001731,操作系统,1.0,2024-02,2023-09-10,52
202400000996,ZhaoQiang,外语学院,C1022596,计算机网络,4.0,2024-09,2022-06-15,62
202400000997,LiJun,电子学院,C1023678,离散数学,3.0,2024-02,2022-01-05,53
202400000998,ZhangJun,经济学院,C1018033,计算机网络,2.0,2024-02,2024-10-03,80
202400000999,ZhaoFang,电子学院,C1002682,算法设计,4.0,2023-02,2023-09-04,12
